id,y_true,y_pred,text,source,pair
litund:lrt:LT_COV_21,non,open,"Žurnalistui Rimui Bružui atlikta sąnario keitimo operacija: „Galimai COVID-19 pasekmė“
Žurnalistui Rimui Bružui atlikta klubo sąnario keitimo operacija. Netrukus jis keliaus į reabilitaciją Druskininkuose, o visus bijančius tokios operacijos ragina negadinti gyvenimo kokybės ir ryžtis operacijai. 

R. Bružas LRT.lt pasakojo, kad penktadienį jau bus išleistas iš ligoninės ir keliaus į reabilitaciją Druskininkuose. Nors operacija praėjo gerai, tačiau šiokių tokių nepatogumų sukelia.

„Klubo sąnarys vienas iš esminių, atraminių žmogaus lankstų. Turint dirbtinį sąnarį atsiranda vienas kitas judėjimo nepatogumas, reikia ramentų, nėra tame sąnaryje jėgos, kiek būna įprastai, bet po 18 dienų reabilitacijos tikiuosi sugrįžti naujas ir su nauja jėga.“
Tai – ne pirmoji žurnalistui atlikta klubo sąnario keitimo operacija. Praeitų metų spalį jis patyrė kito klubo sąnario keitimo operaciją. Vos tik šis sugijo, pradėjo streikuoti sveikasis sąnarys. Klubo skausmas R. Bružą kankino apie tris mėnesius, kol žurnalistas suprato, kad atidėliojimas nieko gero neduos, todėl vardan gyvenimo kokybės reikia griebti jautį už ragų ir ryžtis operacijai.
Pasiteiravus, kokia sąnarių silpnumo priežastis, R. Bružas teigė, kad tai galimai yra COVID-19 pasekmė.

„Vieniems anksčiau, kitiems vėliau tokie dalykai nutinka. Bet profesionalai įtaria, kad čia COVID-19 pasekmė, nes kovidas daro įtaką kraujotakai, o sąnariai yra viena silpniausių vietų kalbant apie aprūpinimą krauju. Man kovidas buvo nelengvas, čia toks liekamasis reiškinys. Kaip sakoma, medicina šiais laikais nuostabi, tad tikiuosi būsiu dabar tvirtesnis. Kaip sakė sesutė, „dabar susitvarkėte, nereikės senatvėje“, bent viena problema bus mažiau“, – šmaikštavo žurnalistas.
Jis taip pat ragino savo likimo brolius ir seseris nebijoti tokios operacijos, nes nuo to priklauso gyvenimo kokybė, o kito kelio nėra: „Paėmei pyst pyst susitvarkei ir gyveni, važiuoji toliau. Tie dalykai nepagyja. Neataugs sąnarys, nes tai ne pieninis dantis, ne nagai ir ne plaukai, jie neužaugs, jei yra problema – reikia ją spręsti ir važiuoti toliau“, – drąsina R. Bružas.",litund,non->open
litund:lrt:LT_COV_09,non,open,"Nuo veipų iki druskos: kokių bėdų Lietuvoje mato už sveikatą atsakingas PSO atstovas
Pasaulio sveikatos organizacijos Europos biuro vadovas Hansas Kluge yra susirūpinęs, mat, Rusijai užpuolus Ukrainą, daugelis Europos valstybių puolė skirti pinigų gynybai, ir nors tai yra suprantama, H. Kluge jau mato, kad dėl to gali nukentėti sveikatos sritis. 

Pasak H. Kluge, valstybės turėtų dėti pastangas skatindamos sveiką gyvenimo būdą, užkirsdamos kelią ankstyvoms žmonių mirtims, pasirūpindamos senyvais asmenimis, bet kai į nugarą alsuoja karas, prioritetai perdėliojami.

„Aš tai suprantu, bet kaip šalis gali būti saugi nekaupdama medicinos priemonių atsargų? Kaip šalis gali būti saugi nemokydama sveikatos srities darbuotojų, kaip gydyti ir gelbėti masinių antpuolių aukas? Kas, jei staiga atsiranda 50 nužudytųjų ir daugybė sužeistųjų? Dieve apsaugok, bet visuomet reikia tikėtis geriausio, o ruoštis blogiausiam. Kaip šalis gali būti saugi nesustiprinusi pirminės sveikatos apsaugos grandies ir bendruomenių atsparumo? Tai labai svarbu. Sveikatos sritis turi gauti teisingą biudžeto dalį“, – interviu portalui LRT.lt sakė H. Kluge.
Svarbiausios interviu mintys

Pasaulio sveikatos organizacijos Europos biuro vadovas Hans Kluge nerimauja, kad Rusijai pradėjus karą prieš Ukrainą, dauguma valstybių susitelkė tik į išlaidas gynybai, o nuo to gali nukentėti sveikatos apsauga. 

Giria Lietuvą sumažinus alkoholio vartojimą ir mirštamumą nuo su alkoholio vartojimu susijusių ligų.

Atkreipia dėmesį į vis dar iššūkių keliančią psichikos sveikatos padėtį Lietuvoje, nors Lietuva ir turi Nacionalinį savižudybių prevencijos veiksmų planą. 

Vyriausybės turi rūpintis slaugytojų trūkumu, didinti profesijos prestižą, teisingai apmokėti už darbą, sudaryti geras sąlygas darbo ir šeimos poreikių derinimui. 
 
Labiausiai žmonių sveikatai kenkia tabako, alkoholio, iškastinio kuro ir perdirbto maisto pramonės šakos. 
 
Mokyklose turėtų būti integruojama informacija apie sveiką gyvenimo būdą, o sveiki pasirinkimai šeimoms turi būti nebrangūs, pasiekiami ranka. Mokyklose galima tiekti nemokamus sveikus pietus arba bent jau vaisių. 
Po pandemijos daug kur sustiprėjo antivakserių judėjimai, tačiau labai svarbus kiekvienos visuomenės kontekstas. Kai kada žmonės turi labai legitimių klausimų, bet negauna normalių atsakymų. 
– Kiek žinau, neseniai lankėtės Ukrainoje. Ir nors mes galime suvokti, kad karo sąlygomis sveikatos sektoriui tenka milžiniška našta, bet galbūt taip pat galima įsivardinti pagrindinius patarimus, kaip šalis turėtų būti paruošusi sveikatos sektorių, jeigu jai potencialiai gresia priešo ataka arba karas? Aišku, gana žiauru taip sakyti, bet Baltijos šalys tikriausiai iš Ukrainos galėtų pasimokyti kai kurių dalykų.

– Šiuo metu svarbiausia yra didinti investicijas į sveikatą ir sveikatos sistemas. Nuo 2022 m. Ukrainoje lankiausi šešis kartus ir aš esu nustebęs, kaip šios šalies sveikatos sistema vis dar funkcionuoja. Aišku, ten yra daugybė problemų. Pasaulio sveikatos organizacija pastebi, kad prieš sveikatos priežiūros įstaigas buvo įvykdyta daugiau nei 2000 atakų, tai yra labai baisu. Liepos 8 dieną įvyko viena didžiausių atakų prieš vaikų ligoninę, bet daugiau nei 90 proc. sveikatos priežiūros įstaigų daugiau ar mažiau funkcionuoja. Ir taip yra todėl, kad Ukrainos lyderiai tikrai nuolat teikė prioritetą sveikatos sektoriui, rėmė sveikatos sistemos darbuotojus.

Man neramu, kai matau, kad Europos regione valstybės, taip pat naujoji Europos Komisija, atsisako sveikatos reikalų kaip politinio prioriteto. Mes ne taip seniai išėjome iš COVID-19 pandemijos, tuo metu aiškiai matėme, kad be sveikatos žmogui nieko nereikia. Per pandemiją sienos buvo uždarytos, ekonomika čiuožė žemyn, visi užsidaro, buvo daugybė psichikos sveikatos bėdų. Bet aš vis tiek daug kur matau, kad sveikatos srities biudžetai mažėja.

Visa tai aptariau besilankydamas trijose Baltijos valstybėse, mes kalbėjome, kaip didėjant gynybos biudžetams nesumažinti sveikatos srities biudžetų. Tikrai daug lėšų dabar skiriama saugumui, gynybai, aš tai suprantu, bet kaip šalis gali būti saugi nekaupdama medicinos priemonių atsargų? Kaip šalis gali būti saugi nemokydama sveikatos srities darbuotojų, kaip gydyti ir gelbėti masinių antpuolių aukas? Kas, jei staiga atsiranda 50 nužudytųjų ir daugybė sužeistųjų? Dieve apsaugok, bet visuomet reikia tikėtis geriausio, o ruoštis blogiausiam. Kaip šalis gali būti saugi nesustiprinusi pirminės sveikatos apsaugos grandies ir bendruomenių atsparumo? Tai labai svarbu. Sveikatos sritis turi gauti teisingą biudžeto dalį.

– Kurios čia valstybės taip mažina savo biudžeto dalį sveikatos sričiai?

– Visos. Nes dabar labai didelis spaudimas leisti pinigus gynybai. Mačiau naujosios besiformuojančios Europos Komisijos dokumentus, ten sveikata nebėra prioritetas. Ši sritis buvo prioritetizuota per koronaviruso pandemiją, bet dabar viskas keičiasi gynybos naudai.

Bet, kaip sakiau kolegoms iš Lietuvos užsienio reikalų ministerijos, aš esu šiek tiek optimistiškas, nes į Europos Komisiją pasiūlytas Lietuvos kandidatas bus atsakingas už Europos Sąjungos gynybos sritį, taigi jis galės imtis lyderystės konstruoti gynybos politiką, o mes galėsime kliautis juo, kad sveikatos sritis bendrame gynybos stiprinimo lauke būtų įvertinta teisingai. Galų gale, pati Europos Komisijos pirmininkė pagal išsilavinimą yra gydytoja, taigi esu optimistiškas.

– Žvelgiant iš išorės, kas labiausiai iš neigiamų sveikatos srities aspektų krinta į akis Baltijos valstybėse? Pas mus nemažai kalbama apie gydytojų ir ypač slaugytojų trūkumą, bet tikriausiai taip yra visur.

– Aš iš prigimties esu optimistas, taigi mėgstu kalbėti apie pozityvius dalykus. Lietuvoje buvau prieš ketverius metus. Apsilankęs dabar diskutavau su ministru Aurimu Pečkausku ir buvau tikrai nustebintas kai kurių reformų. Pirmiausia, anksčiau Lietuva buvo minima tarp pirmaujančių šalių, kur suvartojama daugiausiai alkoholio. Kiek pamenu, kiekiai siekė apie 15 litrų per metus vienam asmeniui. Tai buvo kur kas daugiau nei Europos Sąjungos vidurkis. Ir paskui nukrito iki 11,1 litro asmeniui per metus. Paskui buvo pakilimas iki 12,1 litro, taigi turime elgtis atsargiai, bet faktas, kad Lietuva padarė neįtikėtinų dalykų, mažindama ne tik alkoholio vartojimą ir žmonių mirštamumą, susijusį su alkoholio vartojimu. Tai buvo padaryta uždraudus reklamą, apribojant alkoholio prieinamumą. Tai pavyzdys, apie kurį pasakoju kitose šalyse, įskaitant ir kitas dvi Baltijos šalis.

Kitas svarbus dalykas yra pirminės sveikatos sistemos grandies stiprinimas. Daugybėje šalių sveikatos apsaugos ministrų dėmesys krypsta į ligonines, bet mūsų populiacijos yra senstančios, o senėjimas reiškia sveikatos iššūkius, tačiau negalime šių žmonių laikyti ligoninėse. Todėl labai reikia stiprinti pirminę sveikatos sistemos grandį, kad čia būtų daugiau vietos tarpdiscipliniškumui. Kad nebūtų, jog žmogų prižiūri tik vienas šeimos gydytojas, komandoje turi dirbti slaugytojas, dietologas, psichologas (psichikos sveikata yra iššūkis visur).

Psichikos sveikatos srityje Lietuva turi daugiau iššūkių nei kitos Europos Sąjungos šalys, bet pozityvu, kad jūsų šalis turi nacionalinę savižudybių prevencijos programą. Paprastai nedaug šalių turi tokias programas. Taigi progreso jūsų valstybėje tikrai nemažai.
Kalbant apie iššūkius, tai iš esmės apima panašius dalykus kaip ir kitose regiono šalyse. Žmonės per anksti miršta nuo širdies ir kraujagyslių sistemos ligų – infarkto, insulto ir panašiai. Druskos vartojimas irgi per didelis. Be to, visose Baltijos šalyse, kaip ir daug kur kitur Europoje, labai populiarėja veipinimas, kuris paskui gali vesti prie nuolatinio rūkymo. Šiaip Lietuvoje yra gana didelis skirtumas tarp vyrų ir moterų: vyrai vidutiniškai miršta devyneriais metais anksčiau nei moterys. Tai greičiausiai susiję su išeminėmis širdies ligomis, su gyvenimo būdu.

– Na, taip, vyrai Lietuvoje dažniau nusižudo, dažniau ir daugiau vartoja alkoholį bei panašiai.

– Taip. Bet aš buvau labai įkvėptas, nes kai susitikau su ministru A. Pečkausku, jo kolegos sakė, kad jis neseniai nubėgo maratoną. Žinoma, ne kiekvienas turi nubėgti maratoną, bet ką aš darau, tai apie 25 minutes per dieną skiriu sportui, judėjimui. Galima juk ir lipti laiptais, o ne kilti liftu, galima vykti kur nors dviračiu, eiti pėsčiomis.

Kartu su Ekonominio bendradarbiavimo ir plėtros organizacija atlikome studiją, kuri parodė, kad jeigu visi suaugusieji per dieną skirtų apie 25 minutes vidutinio intensyvumo fiziniams pratimams, tai leistų išsaugoti apie 12 tūkst. gyvybių ir sutaupytų apie 7 mlrd. eurų. Ir tai nemokama. Kiekvienas tai gali daryti. Taigi mums reikia pakeisti mentalitetą, turime kur kas glaudžiau sveikatos srityje dirbti su mokyklomis. Pavyzdžiui, anksčiau mokyklose dirbdavo seselės, kurios dėmesį telkdavo į sveikatos prevenciją, pasakodavo apie sveiką gyvenimo būdą, kaip svarbu skiepytis nuo įvairių ligų. Dabar aš labai susirūpinęs, nes matome visokius antivakserių judėjimus. Taigi yra įvairių iššūkių, bet žinome, ką reikia daryti. Labai svarbu politiškai įsipareigoti visa tai atlikti.

Beje, jūs paminėjote vieną didžiausių problemų visoje Europoje – slaugytojų trūkumą. Buvome Kaune įsikūrusiame Sveikatos mokslų universitete, ten lankiausi pirmą kartą. Labai ilgai kalbėjome su rektoriumi, profesoriumi Rimantu Benečiu bei jo komanda. Ten turime Pasaulio sveikatos organizacijos bendradarbiavimo centrą, kuris yra akredituotas Pasaulio sveikatos organizacijos slaugos studijų sričiai. Tačiau man buvo pasakyta, kad po dešimties metų Lietuvai trūks apie 3000 slaugytojų. Panašiai yra ir kitur.

Lankiausi Rygos Rytų universiteto ligoninėje, ten duris turėjo atverti toks gražus ir naujas padalinys, skirtas kasdienei chemoterapijai, bet nepavyko to padaryti, nes nepakako slaugytojų.

Buvau labai dėkingas, kad Lietuvoje galėjau pabendrauti su Lietuvos sveikatos mokslų universiteto Slaugos fakulteto studentais ir profesoriais. Aš klausiau studentų, kas juos paskatintų palikti šią profesiją ir kas lemtų, kad pasiliktų. Nenuostabu, kad pirmas iš variantų yra pinigai, algos. Tai normalu, žmonės turi galėti pasirūpinti savimi ir šeima. Vadinasi, vyriausybės turi tinkamai vertinti slaugytojus, didinti profesijos prestižą.

– Na, bet slaugytojų, kaip suprantu, trūksta daugelyje Europos šalių. Klausimas, ar atlyginimai visose tose valstybėse nekonkurencingi?

– Ne visur, bet daugelyje šalių, deja, taip. (...) Bet kitas faktorius yra darbo krūvis. Slauga apskritai yra labai moteriška sritis, dauguma slaugytojų yra moterys, kurios dažnai dar turi pasirūpinti savo šeima, taigi labai svarbu yra sudaryti sąlygas darbo ir asmeninio gyvenimo pusiausvyrai. Jeigu esi darbdavys, turi labai gerai tai įsisąmoninti. Geras pavyzdys yra Švedija. Ten, pavyzdžiui, ligoninėse yra sukuriami tokie darželiai, kad slaugytojos galėtų ramiai palikti savo vaikučius, kad joms nereikėtų jaudintis dėl jų, kad galėtų susitelkti į darbą.

Be to, šiame darbe labai dažni perdegimai, bet egzistuoja gana paprasti būdai užkirsti tam kelią, jeigu tikrai yra aiškus įsipareigojimas. Tiesiog kiekvienoje sveikatos priežiūros įstaigoje reikia turėti centrą, kuris rūpinasi personalo gerove. Net sveikatos srities srityje egzistuoja stigma dėl psichikos sveikatos bėdų. Aš visad sakau, kad yra normalu kartais jaustis blogai. Kiekvienas turi teisę į psichologinį nokdauną. Jei aš esu sveikatos srities darbuotojas, jei patiriu perdegimą, nėra ko gėdytis, reikia apie tai kalbėti.

Kai lankiausi Taline, teko lankytis pas Estijos pirmąją ponią, kuri dirba su psichikos sveikatos klausimais. Mano paties gimtojoje šalyje Belgijoje pasimatysiu su karaliene Matilda, kuri taip pat dirba su psichikos sveikatos temomis. Praėjusią savaitę bendravau su Ukrainos pirmąja ponia Olena Zelenska. Ukrainiečiai mokė apie 100 tūkst. žmonių apie emocinę pagalbą ir pagalbą sau, jeigu negali miegoti, nerimauja dėl atakų iš oro.Lietuva, beje, šioje srityje irgi yra gana proaktyvi. Pirma, pripažino problemą ir parengė nacionalinę savižudybių prevencijos programą. Tik 15 proc. šalių turi tokias programas ar planus. Antra, labai dirbama stiprinant pirminę pagalbą, bendruomenės pagalbą. Tarkime, asociacija „Demencija Lietuvoje“ siekia visuomenėje padidinti problemos suvokimą. Nes jeigu bus laukiama, kol žmonėms reikės važiuoti į psichiatrijos ligoninę, bus kiek per vėlu. Todėl mums reikia mokyti nespecialistus, kaip kad Ukrainoje, kad problemos būtų identifikuojamos anksčiau. Pavyzdžiui, būtų gerai, kad kas nors atkreiptų dėmesį: pastaruoju metu tu elgiesi šiek tiek keistai, gal turi problemų? Mes turime rūpintis vienas kitu kaip bendruomenė. Gyvename gana neramiais laikais.

– Kalbėdamas šiek tiek anksčiau minėjote veipinimą, kad tai gali vesti prie reguliaraus rūkymo. Galbūt yra šalių, kurios pritaikė kokias nors sėkmingas priemones, užkirsdamos kelią šiam veipinimo populiarėjimui?

– Aš labai didžiuojuosi mano paties gimtąja šalimi Belgija, ji jau yra priėmusi nacionalinio lygmens teisės aktus, bet mums reikia Europos Sąjungos lygmens teisės aktų, kad galėtume sėkmingai kovoti su šia problema. Estija irgi imasi lyderystės šioje srityje. Bet čia nuolat vyksta diskusijos, ar veipinimas yra geriau nei įprastas rūkymas? Šiaip jeigu koks nors žmogus yra užkietėjęs rūkalius, geriausia būtų nustoti rūkyti, bet jeigu neišeina – veipinimas būtų šiek tiek mažiau kenksmingas, bet problema ta, kad jauni, niekad nerūkę žmonės su rūkymu susipažįsta būtent per veipinimą. O tai tikrai negerai. Be to, ten prigaminama pačių įvairiausių skonių. Ši pramonė labai sofistikuota.

Kai Belgija pirmininkavo Europos Sąjungai, mes kartu išleidome raportą, kuriame įvardijome, jog iš viso yra keturios pramonės šakos, kurios prisideda prie 7400 žmonių mirčių kiekvieną dieną. Tai tabako, alkoholio, iškastinio kuro ir perdirbto maisto pramonė. Jos taiko panašias strategijas. Pavyzdžiui, greitojo maisto restoranas atidaromas netoli mokyklos, skurdžiose bendruomenėse, kurios yra labiau pažeidžiamos. Juk lengviau padaryti įtaką šiems vaikams, kad jie valgytų šlamštmaistį, o ne sveiką maistą. Tas pats nutinka supermarketuose: kol mama moka už prekes, vaikas žiūri į jo akių lygyje sudėliotus šokoladukus. Šie triukai yra strategijos dalis. Todėl turime būti protingesni, išmanesni, dirbti su jaunimu.
Lietuvoje turėjau nuostabų susitikimą su jaunųjų medikų ir sveikatos specialistų atstovais, jie kur kas išmanesni socialinėje medijoje nei mes, suaugusieji. Socialinės medijos dabar yra užgriozdintos melagienomis, nes ši komunikacijos rūšis yra labai pigi. Bet niekas negali mums sukliudyti irgi išmaniai pasinaudoti šiuo komunikacijos kanalu ir populiarinti sveiką gyvenimo būdą. Sveikata yra mūsų visuomenės brangenybė, kiekvienas turi puoselėti ir vertinti savo sveikatą, nes pasaulyje nieko nėra brangesnio. Jei žmogus sveikas, ji ar jis turi įvairiausių norų, tikslų, bet jei žmogus serga, jis norės tik vieno dalyko – būti sveikas.

– O jūs manote, kad tik reklama socialinėje medijoje padės pasiekti tikslus?

– Žinoma, kad ne, reikia žvelgti kompleksiškai. Kaip minėjau, reikia dirbti su mokyklomis. Pavyzdžiui, Islandija pasiekė neįtikėtų rezultatų sumažindama narkotinių medžiagų ir alkoholio vartojimą. Islandija buvo beveik olimpinė narkotinių medžiagų ir alkoholio vartojimo čempionė jaunimo gretose. Buvo nuspręsta dirbti su vaikų tėvais ir mokyklomis, kad būtų populiarinamas sveikas gyvenimo būdas. Padeda net tokie paprasti dalykai, kaip knygų skaitymas vaikams prieš miegą. Turime kažkaip sukurti visuomenės atsparumą ir paskatinti sveiką gyvenimo būdą.

– Nežinau, mano mama yra mokytoja, dirba progimnazijoje ir visuomet sako, kad viskas prasideda šeimoje: esą vaikui atėjus į mokyklą būna jau vėloka keisti kai kuriuos įpročius. Tarkime, jei tėvai įpratina vaikus maitintis restoranuose „McDonald‘s“, tai kažin ar mokykla kažkaip tai pakeis. Arba jeigu namuose įprantama gerti saldžiuosius gėrimus su tonomis cukraus, tai mokytojai nesužiūrės tokių dalykų.

– Na, jūsų mama labai teisingai sako, linkėjimai jai. Atkreipsiu dėmesį, kad daugumą iššūkių paprastai patiria pažeidžiamos šeimos. Jei tėvai valgo šlamštą, tai ką tu gali pasakyti vaikui? Apskritai, daug kas prasideda vaikui nė negimus, o paskui pirmieji penkeri gyvenimo metai labai nulemia tolesnę vaiko ir jau suaugusio žmogaus sveikatą.

Bet aš manau, kad pagrindinė vyriausybių užduotis padaryti taip, kad sveikas pasirinkimas būtų lengvas pasirinkimas. Nes aš pastebiu, kad dažnai sveiki pasirinkimai yra labai brangūs. Ne kiekviena šeima gali įpirkti vaisių ar sveikų salotų. Taigi vyriausybės turėtų siekti, kad sveiki pasirinkimai būtų prieinami pažeidžiamoms šeimoms, kad gyventi sveikai būtų lengva. Tarkime, kai aš mokiausi mokykloje, kiekvieno trečiadienio popietė būdavo skiriama sportui. Iš esmės visa šalis dvi valandas užsiimdavo sportu. Bet tokios iniciatyvos nyksta. Pavyzdžiui, nutukimas yra nauja šių laikų pandemija. Per kelerius metus apie 50 proc. viso regiono žmonių turės antsvorio arba bus nutukę.

– Ką jūs siūlote vyriausybėms daryti? Galbūt mažiems mokinukams tiekti nemokamus sveikus pietus mokykloje? Ką jūs siūlote daryti?

– Pavyzdžiui, uždrausti mokyklose pardavimo automatus, kur galima nusipirkti kokakolos ar fantos. Kai kur tai dar nėra uždrausta. Tuomet, aišku, nemokami pietūs yra gera priemonė arba bent jau galima duoti vaikams vaisių nemokamai, kokį obuolį ar bananą. Tai gali tapti įpročiu. Be to, turi būti užtikrinamas reguliarus fizinis aktyvumas. Ir visą tokią informaciją gerai būtų įtraukti į kitą mokymo medžiagą, į ugdymo programas.

Aš Portugalijos sveikatos apsaugos ministro klausiau, kaip jie išlaiko tokį aukštą vakcinacijos lygį tiek dėl COVID-19, tiek dėl B raupų. Jis sako, kad jų visuomenėje nėra jokių diskusijų, nes to mokoma nuo pat pradinės mokyklos. Taip susiformuoja mentalitetas.

– Kalbant apie skiepus: na, po pandemijos tikrai galima matyti sustiprėjusį pasipriešinimą bet kokiems skiepams. Ar esama kažkokių bendrų pastangų kažkaip efektyviai priešintis šiam reiškiniui?

– Taip, tai globali problema. Kiekvienais metais 1,5 mln. vaikų pasaulyje miršta, nes nėra paskiepijami nuo išvengiamų ligų. Bet iššūkiai labai įvairūs. Jei pažiūrėsime globaliai, daug žmonių negauna vakcinų, negali pasiskiepyti. Pirmiausia, manau, reikia atlikti tyrimus, nes daug kas priklauso nuo vietos konteksto.

Atsimenu, atlikome tyrimą Juodkalnijoje, ten skiepijimasis nuo COVID-19 buvo žemas. Bet pasirodė, kad žmonės tiesiog neprieidavo pasiskiepyti. Mes tuomet su Sveikatos apsaugos ministerija organizavome mobilias skiepijimo paslaugas.
Būna, kad kai kuriose valstybėse sustiprėja antivakserių judėjimai, bet daugumoje šalių žmonės, kurie nenorėjo skiepytis, paprasčiausiai turėjo neatsakytų visiškai normalių klausimų. Tačiau jie negavo atsakymų. Jie tarsi sėdėjo ant tvoros ir svyravo: skiepytis – nesiskiepyti. Bet su tuo mes galime dirbti. Paprastai visuomenėse tik maža dalis žmonių būna kraštutiniai antivakseriai. Manau, kad neturėtume skirti labai daug laiko juos įtikinėdami, nes jų nuomonės nepakeisime. Mes turėtume tyrinėti kiekvieną kontekstą ir bendruomenę atskirai.

B raupų atveju išmokom dirbti su patikimais bendruomenių atstovais. Tarkime, per COVID-19 pandemiją mano dvi dukterys dėvėjo kaukes, nes kaukes dėvėjo ir jų sporto pasaulio dievukai, nors tai tuo metu nebuvo privaloma. Vyresnė mano dukra žaidžia krepšinį, o jaunesnė – tinklinį, ir jos žavisi garsiais sportininkais. Taigi populiarūs asmenys, sportininkai, dainininkai gali įtikinti bendruomenes. Pamenu, Graikijoje vyresni žmonės abejojo dėl skiepų ir ten mes įtraukėme Ortodoksų Bažnyčią. Taigi turime žiūrėti, kas gali turėti teigiamos įtakos vietos bendruomenei.",litund,non->open
litund:lrt:LT_COV_04,non,open,"Agnietė Kaufman. Visuomenės susipriešinimas: keli pasvarstymai, kaip jį įveikti
Ryte tik atsikėlę įsijungiame socialinius tinklus, peržvelgiame, kas ką rašo ir atrodo sužinome visas svarbiausias dienos naujienas. Kartu sau patvirtiname, kad pasaulis iš tiesų toks, kokį jį manome esant. Bet ar tikrai? Ar žiūrėdami į tai, ką algoritmas mums siūlo, dar sugebame diplomatiškai išklausyti kitokią nuomonę ir neiškoneveikti ją išsakančio žmogaus? 

Visuomenės susipriešinimas Lietuvoje anokia čia naujiena. Nepriklausomybės aušroje aršūs mūšiai prie šeimos pietų stalo užvirdavo tarp prijaučiančių Brazauskui ir Landsbergiui. Tačiau nuo COVID pandemijos tų mūšio linijų skaičius neįtikėtinai padidėjo – imigrantai, Stambulo konvencija, civilinė partnerystė, skiepai, karas Ukrainoje, rinkimų rezultatai. Kiekvienas iššūkis su kuriuo susiduria mūsų visuomenė šiuo įtemptu metu atrodo kala vis gilesnį pleištą. Kiek kartų prie šventinio stalo su šeima teko sakyti: gal geriau šia tema net nekalbėkim? O kiek kartų išsivadinę visais įmanomais vardais, tiesiog išsiskirstėme?

Norėdami išsiaiškinti kokia dalis žmonių yra susidūrusi su tuo, kad jų nuomonė (nesvarbu, kokia ji būtų) yra menkinama, Atviros Lietuvos fonde atlikome tyrimą. Įdomu, kad net 33 proc. apklaustų Lietuvos gyventojų yra patyrę jų nuomonės nuvertinimą, pažeminimą ar netgi puolimą. Dauguma manė, kad taip nutiko dėl jų pažiūrų – ne dėl kilmės ar gyvenimo būdo. Pažiūrų į LGBT+ žmonių teises, skiepus nuo COVID, imigrantus ar pagalbą ukrainiečiams. Paaiškėjo, kad labiausiai pažeidžiami ir su tuo susidūrę – jauniausi ir mažiausias pajamas gaunantys piliečiai. O dar įdomiau, kad dažniausiai asmeninės nuomonės užgauliojimas vyksta privačioje fizinėje aplinkoje. Antroji vieta, kur su tuo dažnai susiduriama – nieko stebėtino – socialiniai tinklai.
Žmonių polinkis pastebėti tik informaciją, kuri patvirtina jų požiūrį, yra natūralus. Taip randame savo bendraminčių būrį ir saugiai su juo susitapatiname, – sako psichologai. Ir atvirkščiai – esame linkę nepastebėti ir net nesusidomėti informacija, kuri galėtų mus įstumti į nepatogią dvejojimo savo nuostatomis situaciją. Pavyzdžiui, JAV rinkimais besidomintys iki trečiadienio ryto tvirtai tikėjo vieno arba kito kandidato pergale, priklausomai nuo to, ar jie sekė FOX News, ar CNN ir jiems prijaučiančių kanalų generuojamas naujienas.

Socialiniai tinklai ir jų veikimo algoritmai dar labiau įtraukia mus į tos vienos nuomonės spiralę. Čia skaitome, žiūrime ir dalinamės tik tuo, kas atitinka mūsų požiūrį ir netrukus algoritmai mums siūlo tik tai. Ir štai – mes jau įkalinti savo burbuluose, kuriuose sukamės su virtualiais bendraminčiais. Mūsų artimieji, draugai ar giminaičiai, gali skrieti ir visai kituose burbuluose. Ir kaip tampa nemalonu susidurti su ta kita, „barbariška” „neišsilavinusia” ar „arogantiška“ nuomone!

Socialiniai tinklai ir jų veikimo algoritmai dar labiau įtraukia mus į tos vienos nuomonės spiralę. Čia skaitome, žiūrime ir dalinamės tik tuo, kas atitinka mūsų požiūrį ir netrukus algoritmai mums siūlo tik tai.

Nuodingas susipriešinimo kokteilis ir etikečių klijavimas dėl pažiūrų atsiliepia ne tik šeimos santarvei, bet ir visai dar trapiai mūsų demokratijai. Demokratinis sambūvis tai daugiau nei vien skaidriai vykstantys rinkimai – tai iš esmės įvairių visuomenės grupių gebėjimas rasti sprendimus įvairiais bendrabūvio klausimais. Kiekvienas turi teisę išsakyti savo nuomonę ir nebūti dėl jos išjuoktas ar pažemintas. Gebėjimo pagarbiai išklausyti ir kultūringai oponuoti nežeminant mums dar stipriai trūksta. Pagalvokime vien, kaip politikai išvadina prieš jų sprendimus protestuojančius žmones.

Tą mūsų kategorišką nusiteikimą ir nemokėjimą pagarbiai išklausyti apsukriai išnaudoja ir politikai, ir nedraugiškų valstybių propaganda. Nes kuo stipriau, radikaliau ir kategoriškiau pasisakai – tuo labiau įtinki savam burbului. Ir čia ši susipriešinusi (ar supriešinta?) visuomenė yra tiesiog svajonių bandymų poligonas. Imigrantai – kam čia mums jų reikia? Skiepai – čia mus farmacijos pramonė nuodija? Stambulo konvencija – nori sunaikinti šeimas? Ir tai tik keli pavyzdžiai tų ribinių situacijų, kai vien klausimas tampa skaldančiu. O kur dar visai švieži pravardžiavimai, kurie iš kai kurių politikų lūpų skriejo susirinkusiems protestuoti žmonėms.

Tad kaip vėl išmokti išklausyti kitokią nuomonę ir neduoti oponentui į dantis? Vienas kelias – asmeninis apsisprendimas keisti savo informacijos vartojimo įpročius. Tyrimai rodo, kad žmonės, kurie mažiau laiko praleidžia prie ekranų ir socialiniuose tinkluose, yra nusiteikę ne taip radikaliai kaip žmonės, kurie juose praleidžia daugiau laiko. Tad būtų sveika uždaryti sekamus Facebook ir Youtube kanalus, išjungti kompiuterius ir išeiti su kaimynais į lauką kavos. O gal prisijungti prie viešos diskusijos – paklauskite savęs, kada paskutinį kartą dalyvavote kokioje nors pilietinėje akcijoje ar diskusijoje?

Kiekvienas turi teisę išsakyti savo nuomonę ir nebūti dėl jos išjuoktas ar pažemintas. Gebėjimo pagarbiai išklausyti ir kultūringai oponuoti nežeminant mums dar stipriai trūksta.

Antra, žiniasklaidos ir mokyklų vaidmuo taip pat svarbus. Svarbių diskusijų kontekste žurnalistai turėtų stengtis pristatyti daugiau įvairių nuomonių, išlaikyti maksimalų nešališkumą įvairiose temose ir nepasiriboti tik politikų vieni kitiems išsakytų epitetų pertransliavimu. Šališkumą pastebėti itin sudėtinga, todėl turime mokytis atpažintis ir filtruoti dezinformaciją, nepatingėti dalyvauti ir pasisakyti viešose diskusijose. Ir čia neišvengiamai esminis ir svarbus organizuotos pilietinės visuomenės vaidmuo, kitaip dar nevyriausybinių organizacijų.

Galiausiai, tautos išrinktieji tiek nacionalinėje, tiek vietos valdžioje privalo ieškoti būdų įsitraukti ir įtraukti gyventojus į diskusijas dėl miesto, miestelio, ar kaimo, miestelio aktualijų ir problemų. Reikia tik vietos ir laiko, o kartais net ir kalbant apie praktinius dalykus galima padiskutuoti ir platesniais, sudėtingesniais klausimas, o bendras tikslas tikėtina sumažins aštraus konflikto tikimybę ir paskatins tokią diskusiją, kurioje ne siekiam pasisakyti, bet ir klausomės. Iš vienos pusės būsime išgirsti, iš kitos pusės bus paprasčiau atstovauti piliečius o ne tik šį atstovavimą imituoti. Tuomet ir dalyvavimas rinkimuose įgauna kitą prasmę. Kartu tai vienintelis kelias siekiant sugrąžinti piliečių pasitikėjimą valdžia ir institucijomis.",litund,non->open
litund:lrt:LT_COV_22,non,open,"Darius Imbrasas. Per pandemiją sutaupyti 6 mlrd. eurų: kur jie atsidūrė?
COVID-19 pandemijos metais namų ūkiai sutaupė kiek daugiau nei 6 mlrd. eurų, kurių jie neišleido net ir sparčiai augant infliacijai ir mažėjant namų ūkių perkamajai galiai. Kas šias santaupas sukaupė ir kam šie pinigai buvo panaudoti?

Augusios namų ūkių disponuojamosios pajamos ir apribotos galimybės vartoti reikšmingai padidino gyventojų sutaupomas pinigų sumas. Taupymo norma – rodiklis, parodantis, kokios dalies disponuojamųjų pajamų namų ūkiai neišleidžia vartojimui, – tiek 2020, tiek 2021 m. buvo 3–5 kartus didesnė už istorinį vidurkį.1995–2019 m. gyventojai vidutiniškai nesuvartodavo šiek tiek daugiau nei 3, o 2020 m. – iki 14,5, 2021 m. – 10,9 proc. uždirbtų disponuojamųjų pajamų. Ir tik 2022 m., kai ekonomika vėl patyrė naujų iššūkių, rodiklis sumažėjo iki 4,8 proc.

Gyventojų vartojimo ir pajamų raidos per pandemiją ir po jos palyginimas su tendencijomis, buvusiomis prieš pandemiją, rodo, kad 2020–2021 m. Lietuvos gyventojai sukaupė 6,2 mlrd. eurų papildomų santaupų. Sukauptas papildomas santaupas namų ūkiai galėjo panaudoti įvairiais būdais. Buvo galima šias lėšas laikyti kaip likvidųjį finansinį turtą, t. y. grynaisiais pinigais ir indėliais, įsigyti kito finansinio turto, pavyzdžiui, akcijų ar obligacijų, nefinansinio turto, pavyzdžiui, nekilnojamojo turto, ar mažinti finansinius įsipareigojimus, kitaip sakant, grąžinti paskolas.
Didžiąją dalį per pandemiją sukauptų papildomų santaupų gyventojai skyrė finansiniam turtui įsigyti. Atlikta analizė rodo, kad pirmaisiais pandemijos metais Lietuvos namų ūkiai didžiąją dalį gautų papildomų santaupų kaupė kaip grynuosius pinigus ir indėlius arba jas investavo į finansinį turtą. Tačiau ši elgsena palengva keitėsi. 2021 m. namų ūkiai vis mažesnę įgyjamų papildomų santaupų dalį saugodavo kaip grynuosius pinigus ar indėlius ir vis didesnę šių lėšų dalį investavo į finansinį turtą.

Dar labiau padėtis pasikeitė 2022 m., nustojus didėti papildomoms santaupoms, gyventojai irgi papildomai neskyrė lėšų įsigyti daugiau finansinio turto. O paūmėjus infliacijai gyventojai buvo linkę turimus grynuosius pinigus ir indėlius skirti mažesnę nuvertėjimo riziką keliančiam nefinansiniam turtui įsigyti. 2023 m. viduryje Lietuvos namų ūkiai bene visas papildomas santaupas, anksčiau laikytas grynaisiais pinigais ir indėliais, buvo nukreipę į kitą finansinį ir nefinansinį turtą. Beveik trys ketvirtadaliai turimų 6,2 mlrd. Eur papildomų santaupų yra investuota į finansinį turtą, penktadalis – į nefinansinį turtą.
Didžioji dalis papildomų santaupų teko turtingesniems Lietuvos namų ūkiams. 2023 m. viduryje dešimtadalis turtingiausių namų ūkių turėjo daugiau nei 80 proc. visų Lietuvos namų ūkių sukauptų papildomų santaupų, o 50 proc. mažiausiai grynojo turto turinčių namų ūkių atiteko tik 5 proc. Nors pirmaisiais COVID-19 pandemijos metais mažiausias pajamas turinčių namų ūkių papildomos santaupos sudarė dvigubai didesnę papildomų santaupų dalį, tačiau nuo 2021 m. pirmojo pusmečio jų dalis palengva mažėjo.

Maždaug nuo 2022 m. pradžios vis didesnę dalį papildomų santaupų kaupė namų ūkiai, patenkantys į 6–9 decilius pagal turimą grynąjį turtą. Šių namų ūkių papildomų santaupų dalies augimas labiausiai sietinas su didėjusiu nefinansiniu turtu. Panašus papildomų santaupų pasiskirstymas – didžiosios dalies papildomų santaupų koncentravimasis turtingiausiuose namų ūkiuose – stebėtas tiek euro zonoje, tiek JAV.

Toks papildomų santaupų panaudojimas ir pasiskirstymas pagal namų ūkių grynąjį turtą reiškia, kad šių santaupų poveikis vartojimui ateityje bus santykinai nedidelis. Atlikta analizė rodo, kad Lietuvoje papildomos santaupos koncentruojasi dešimtadalyje turtingiausių Lietuvos namų ūkių, kurie jas skyrė finansiniam turtui įsigyti. Tokia papildomų santaupų struktūra, tikėtina, ateityje santykinai nedaug paveiks namų ūkių vartojimo sprendimus.

Ekonominiai tyrimai rodo, kad padidėjus pajamoms, turtingesni namų ūkiai vartojimą padidina sąlygiškai mažiau nei mažesnį turtą turintys namų ūkiai. Be to, nelikvidžiojo turto vertės prieaugis, pavyzdžiui, akcijų ar obligacijų kainos padidėjimas, mažiau skatina namų ūkius vartoti nei likvidžiojo turto vertės prieaugis.",litund,non->open
litund:unreliable:UN_APL_11,hidden,open,"5G ryšys: politikai nesupranta, ką daro

Apie 5G ryšį kalbama daug ir nuolat. Deja, nepaisant specialistų perspėjimų, kad šio ryšio poveikis tiek žmonėms, tiek aplinkai nėra iki galo ištirtas, valdantieji pasiruošę jį visuomenei įpiršti bet kokia kaina. Ypač, pasak VU profesoriaus emerito, fizikos mokslų specialisto Jono Grigo, kelia nerimą tai, kad šiuo klausimu rūpinasi nieko bendro nei su fizikos, nei su medicinos mokslais neturintys politikai. Štai užsienio reikalų ministras Linas Linkevičius su Jungtinėmis Valstijomis pasirašė bendrą deklaraciją, kuria sutarta stiprinti bendradarbiavimą, kuriant penktosios kartos komunikacijos tinklus 5G.

- Kaip vertinate tai, kad sutartį dėl 5G diegimo Amerikoje pasirašė URM vadovas Linas Linkevičius? „Respublika"" paklausė Jono GRIGO

- Nei L.Linkevičius, nei URM neturėjo teisės pasirašyti dokumentą, turintį tiesioginės įtakos visų Lietuvos žmonių sveikatai. Nesu prieš technologijų pažangą, pats jas kūriau, ieškojau tinkamų medžiagų. Turiu mikrobangų technologijų išradimų ir JAV patentą. Paskelbiau daug mokslinių straipsnių. Bet negalima technologijų naudoti prieš žmones. Kviečiu neklausyti telekomunikacinėms bendrovėms tarnaujančių „mokslininkų"", kalbančių tik apie 5G ryšių technines galimybes ir neigiančių jų žalą žmonėms, nes save gerbiantis mokslininkas taip nekalbėtų. Jis visapusiškai apibūdintų šią technologiją - jos naudą ir potencialią grėsmę. 5G ryšių reklamai mestos didelės lėšos ir pajėgos.

Net Mokslų akademija (MA) paskelbė šališką pranešimą apie 5G ryšius, neįsigilinusi į mikrobangų biologinį poveikį. Šis klausimas visuotiniame MA susirinkime nesvarstytas, mano nuomonės niekas neklausė, todėl manyčiau, kad tai yra ne akademijos, o tik žmonių grupelės nuomonė. Būtų gaila, jeigu MA pradėtų tarnauti ne mokslui, o verslui.

Pasaulyje mokslininkams protestuojant prieš 5G ryšius, mūsų Vyriausybė, Seimas ir medikai tyli. Nejau visus apakino COVID-19 ar smegenis užpuolė dar koks kitas virusas? Nejau medikams jau nerūpi žmonių sveikata? Nejau vėl po laiko rėkausime kaip dėl Astravo AE? Palaikau žmones, reikalaujančius dėl 5G ryšio referendumu ar kitaip paklausti žmonių, ar jie sutinka, kad be jokio būtino reikalo į jų langus, vaikų ir suaugusiųjų akis ir smegenis dieną naktį būtų nukreiptas 5G ryšio mikrobangų spindulys?

- Teigiate, kad 5G spinduliuotė kenkia. Natūralus klausimas - iš kur tai žinote?

- Esu imagologas ir turiu daug žinių apie mikrobanginės EMS žalą žmonių sveikatai. Vilniaus universiteto Radiofizikos katedroje buvau sukūręs puikią mikrobangų laboratoriją, EMS nuo 1 kHz iki 120 GHz taikėme fazinių virsmų kristaluose ir EMS dielektrinės sugerties medžiagose tyrimams, laboratorijoje paruošta keliolika mokslo daktarų ir habilituotų daktarų, vykdėme daugybę projektų, daugelį metų skaičiau „Mikrobangų elektronikos"" kursą studentams, o magistrantams kursą „Elektromagnetiniai laukai ir gyvybė"", skaičiau mokslinę literatūrą šiais klausimais ir buvau geriau už bet ką įsigilinęs į šią problemą. Plėtodamas medžiagų mikrobanginius tyrimus, įgijau visus galimus mokslo laipsnius ir vardus. Žinau, kaip EMS veikia medžiagas, žmogų ir gyvąją gamtą.

- Galite patikslinti kuo konkrečiai pavojinga elektromagnetinė spinduliuotė?

- Pati 5G ryšio technologija nėra iš esmės nauja, tačiau bus naudojamos kitokios antenos - fazuotų antenų gardelės, leisiančios nukreipti mikrobangų spindulį norima kryptimi. Bus naudojami aukštesni mikrobangų dažniai. Bet jų poveikis žmogui yra toks pat kaip ir 2G, 3G ir 4G ryšių.

Dėl didelio vandens kiekio mūsų ląstelėse mikrobangų sugertis didžiausia tarp maždaug 1 GHz ir 30 GHz su maksimumu ties 10 GHz. Bėda ta, kad aukštesnių dažnių mikrobangas labiau sugeria medžiai ir išsklaido namų konstrukcijos, todėl antenas teks statyti vos ne prie kiekvieno namo. Jas ant stogų galimai turės kai kurie automobiliai. Labai padidės EMS tarša gyvenamoje aplinkoje.

Abu SAM ministrai, R.Šalaševičiūtė ir A.Veryga, suskubo padidinti po 10 kartų leistiną EMS normą - iš viso 100 kartų. Kam? Tai tragiška žmonių sveikatai. Tas pats, kaip 100 kartų padidintų leistiną normą fluoro junginių, kietųjų dalelių ir smalkių ore, arba gyvsidabrio ar arseno koncentraciją vandenyje. Kuo tai baigtųsi? Žmones lėtai nuodytų. Tas pat bus su EMS. Kam valyti nuotekų vandenis? Juk gudručiai ministrai galėtų 100 kartų padidinti leistiną taršos normą ir nuotekas pilti ne į upes ar Kuršių marias, bet vėl grąžinti į vandentiekio sistemą. Nacionalinės sveikatos centro pareigūnas Marius Urbonas, pasamdytas saugoti žmonių sveikatos nuo EMS, 20 metų matavo EMS ir įrodinėjo, kad Lietuvoje EMS niekur neviršija keleto mkW/cm2. Tai kam didinti leistiną normą? Verslininkai įrodinėjo R.Šalaševičiūtei, kad EMS viršija normą ir tai trukdo jų verslui. Kas melavo? M.Urbonas viešai melavo, kad EMS nekenkia žmonėms, nepaisant tūkstančių mokslinių straipsnių apie EMS žalą sveikatai, įvairias jos sukeliamas ligas, įskaitant vėžį.

- Planai yra, tačiau 5G ryšys dar nepradėtas diegti. Ar dar galime kažką pakeisti?

- Kaip minėjau, nesu prieš naujas technologijas. Juolab kad kai kurios iš jų jau „gyvena"" tarp mūsų. Visgi kalbant apie tai, jog mobiliųjų ryšių tinklai leidžia iš bet kur su bet kuo pasaulyje bendrauti asmeniniais telefonais, reikia nepamiršti pridurti, kad jie labai didina kenksmingą žmonių sveikatai ir gyvūnijai aplinkos elektromagnetinę taršą. Deja, ši informacija nuo visuomenės slepiama, nes telekomunikacinių bendrovių pelnas nustelbia jų moralę.

Tiksliau, visos naujosios technologijos kelia nemažai moralės klausimų ir jie taps dar radikalesni, kai technologijos ateis į organinį pasaulį, bei leis kurti biomedžiagas, kurios gamtoje atsirado ir vystėsi savaime. Leis kurti dirbtinius žmogaus organus ir vėžį naikinančius robotus. Šis biologijos „mygtukas"" artėja. Išmanioji farmakologija leis nuolat tiekti antidepresantus arba neurostimuliatorius, bet teks įvertinti tokių technologijų etines pasekmes. Kai mūsų emocijas valdys išmaniosios mašinos, jos atvers kelią naujam žmogiškumo ir jausmų supratimui, kurie mus apibūdina. Tik kiek tai bus tikra? Tiksliau, kiek tai bus natūralu ir žmogiška?

Svarbu garsiai ir aiškiai pasakyti, perspėti naujovių ištroškusią visuomenę, kad daugelis naujų technologijų (pvz., 5G ryšys) turi ir tamsiąją pusę. Jos, jeigu naudosimės jomis neišmintingai, pridarys daugiau žalos, negu duos naudos. Gal todėl Vašingtono universiteto profesorius Martinas Polas (Martin Pall) pastebėjo: „5G yra pats kvailiausias išradimas šioje žemėje."" Tačiau tamsioji technologijų pusė nemoraliai nutylima. O juk niekas negali būti politiškai teisinga, kas yra moralai klaidinga. Deja, esantieji valdžioje, tikėtina, turi savų interesų, todėl priimdami sprendimus vadovaujasi ne specialistų išvadomis, o būtent jais. Jie nesupranta arba nenori suprasti, kad dabar priimtų skubotų sprendimų pasekmės atsilieps ne tik jų vaikams, bet ir anūkams. Kol tai nebus suvokta, tikėtis pokyčių į gera neverta.

5G priešinamasi ne tik Lietuvoje

Nors valdantieji vis bando akcentuoti, kad prieš 5G pasisako tik progreso naudos nesuprantanti, neišsilavinusi visuomenės dalis, tokie jų teiginiai akivaizdžiai kertasi su realybe. Štai Harvardo universitetą baigęs Robertas F.Kenedis jaunesnysis (Robert F.Kennedy Jr.), iš garsiosios Kenedžių giminės, savo paskyroje socialiniame tinkle „Facebook"" perspėja:

„Pažadas padidinti interneto greitį, naudojant 5G, yra klaidingai sukeltas ažiotažas, skirtas nukreipti vartotojų dėmesį nuo mūsų orveliškos realybės. Mes įbedę akis į savo telefonus ir esame apsėsti noro pirkti dar daugiau belaidžių įrenginių, kurių era prasidėjo kaip sudėtinga rinkodaros strategija, specialiai vadinama „protinga"", taip padarant mus kvailiais.""

Jis taip pat paviešino straipsnio, išspausdinto tinklalapyje „Childrenshealthdefense.org "" (Vaikų sveikatos apsauga) ištrauką. Jame atskleidžiama, kokiais metodais telekomunikacijų korporacija „T-Mobile"" bando skintis kelią: „Mums ir toliau reikia pagalbos reguliavimo srityje, nes tai vis tiek užtrunka per ilgai, ir tai vis dar per didelis mūšis su daugeliu institucijų, kurios... kovoja su mumis dantimis ir nagais, kad sutrukdytų įrengti infrastruktūrą"", - teigė „T-Mobile"" vadovas Nevilis Rėjus.

Deja, nepaisant daugybės abejonių ir neatsakytų klausimų, Nacionalinis visuomenės sveikatos centras patvirtino, kad antenų plėtra bei modernizacija tiek užmiestyje, tiek gyvenamosiose vietovėse vyksta nuolatos, o šiuo metu, ruošiantis 5G ryšio atėjimui, antenos ne tik modernizuojamos, bet ir įrenginėjamos naujos.",litund,hidden->open
scraped:rubaltic_lt:895aa1da2d5fc711,hidden,open,"Dėl depopuliacijos Pabaltijyje didės mokesčiai

Tuomet, kai Pabaltijo šalyse mažėja gyventojų skaičius ir jie sensta, vienintelė išeitis siekiant turėti tinkamus pensijinius fondus, — didinti mokesčius. Tokias išvadas jau padarė Pabaltijo ekonomistai ir tarptautiniai analitikai, ir dabar jų prognozės pradeda pildytis: prisidengdami mokesčių reformos būtinybe politikai siūlo didinti tiesioginę ir šalutinę mokesčių rinkliavą.

Lietuvos vyriausybė pristatė Seimui mokesčių sistemos reformos projektą. Jį paskelbęs premjeras Saulius Skvernelis pradėjo tuo, jog Lietuvoje per dideli atlyginimų mokesčiai, tačiau per maži būstų apmokestinimai. Todėl būtina mažinti mokesčius dirbantiems ir didinti nekilnojamojo turto mokesčius.

Be nekilnojamojo turto mokesčių didinimo vyriausybė siūlo didinti akcizus. Planuojama didinti akcizus tabako gaminiams (sigaroms, sigaretėms, sigariloms) ir įvesti akcizinę rinkliavą elektroninėms sigaretėms, kurių sudėtyje yra nikotino.

Be to, bus peržiūrėti fizinių asmenų pajamų mokesčiai.

Eurokomisijos Lietuvoje vadovas Arnoldas Pranckevičius, atsakydamas į premjero pasisakymą, teigė, jog Lietuva surenka per mažai mokesčių, liečiančių aplinką ir nekilnojamąjį turtą. Šis „trūkumas“ Lietuvos vyriausybės darbe suteikia galimybę išplėsti mokesčių sistemos bazę.

O dar Lietuva, pasak Eurokomisijos atstovo, galėtų padidinti pridėtinę vertę, nes skirtumas tarp surenkamų PVM ir galimų PVM mokesčių — vienas iš didžiausių Europoje.

Iš to „reformos“ aptarimo Seime galima suprasti, kodėl mokesčių didinimas būtinas ir neišvengiamas. Lietuvos politikai aptaria mokesčių sistemą kartu su pensijine. Dėl emigracijos ir gyventojų senėjimo mažėja atlyginimų fondas, o tada ir pensijinis fondas, juk pensijos formuojasi iš ekonomiškai aktyvių gyventojų atlyginimų mokesčių.

Lietuvos ekonomiškai aktyvūs gyventojai daugiausiai pluša Anglijoje ir Airijoje — dėl to galų gale ir atsiranda pensijinio fondo deficitas. Lietuvos valdžios seniai pripažino šios problemos egzistavimą. 2016 metais Lietuvos Respublikos Socialinės apsaugos ir darbo ministerija paskelbė, jog, atsižvelgiant į Lietuvos demografines prognozes, artimiausiais 1,5–2 dešimtmečiais nuo 2020 metų lietuviškosios pensijos greičiausiai sudarys ne daugiau 24 procentų vidutinio šalyje uždarbio. O besitęsiant gyventojų skaičiaus mažėjimui pensijų dydis, lyginant su vidutiniu uždarbiu, dar labiau mažės.

Ši problema būdinga ne tik Lietuvai, bet ir visoms Pabaltijo šalims, nes demografiniai procesai jose vyksta vienodi. Pasak demografų prognozių, 2040 metais nedarbingų pasenusių gyventojų dalis sudarys: Estijoje — 40, Latvijoje — 43, Lietuvoje — 42 proc.

Pabaltijo respublikos taps senelių prieglaudomis, kurios nepajėgs tokiame pavidale egzistuoti: jų ekonomika neatlaikys tokios socialinės apkrovos, kaip pensijų išmokėjimas sąlygomis, kai vienam pensininkui tenka vienas dirbantysis.

Prieš du metus informacijos agentūra LETA, britų tyrimų kompanija Oxford Research ir latvių kompanija Firmas.lv paskelbė bendrus Latvijos mokesčių sistemos tyrimų rezultatus. Jų pagrindinė išvada: dėl kritiško gyventojų skaičiaus mažėjimo mokesčiai Latvijoje pastoviai didės.

Žvelgiant į šalies demografinę situaciją, darosi aišku, kodėl mokesčių didinimas neišvengiamas. Gyventojų, tai yra dabartinių ir būsimųjų mokesčių mokėtojų, skaičius tebemažėja. Tačiau siekiant palaikyti šalį su jos infrastruktūra, keliais, mokyklomis, ligoninėmis ir t.t. neturi mažėti proporcionaliai gyventojų skaičius, jis turi didėti, nes būtina kompensuoti infliaciją ir tenkinti augantį poreikį kokybinėms valstybės paslaugoms, — rašo Oxford Research analitikai.

Ir gyvenimas jau patvirtino britų analitikų prognozes. Lietuvos premjero Skvernelio paskelbtos struktūrinės reformos — mokesčių didinimas, siekiant užlopyti pensijinio aprūpinimo finansines skyles.

O siekdama pasaldinti savo piliečiams tabletę, pajamų mokesčio didinimą mažiausiai 6 proc., akcizų didinimą ir nekilnojamojo turto apmokestinimą vyriausybė vadina progresyviomis priemonėmis, kurios pavers Lietuvos ekonomiką labiau konkurencinga, pagerins Lietuvos ekonominį įvaizdį pasaulyje ir leis kiekvienam lietuviui uždirbti keliom dešimtim eurų daugiau, nei jis uždirba dabar.

Keliais žodžiais tariant, tai dar viena pabaltijietiška „sėkmės istorija“.

Tokios pat „sėkmės istorijos“, kai siekiant padengti pensijinį deficitą bus didinami mokesčiai, neišvengiamai laukia ir Latvijos su Estija.

Ir vienkartiniu mokesčių didinimu ši problema išspręsta nebus.

Ši priklausomybė veikia ir atgaline kryptimi: kuo labiau didės mokesčiai, tuo mažiau Pabaltijyje liks darbingų gyventojų. Todėl kad gyventojai nesikreips į būrėją, jie nepakeliamą mokesčių naštą nusimes emigravę iš tos šalies, kurioje pusė gyventojų taps socialiniais išlaikytiniais.

Ištrūkti iš to užburto rato įmanoma tik sustabdžius katastrofišką pabaltijiečių depopuliaciją. O sustabdyti ją gali pavykti tik užkirtus kelią emigracijai.

Bet ar pajėgi Pabaltijo politinė klasė pripažinti, kad „Baltijos kelias“ tapo aklaviete ir atvedė jų šalis prie sisteminės krizės ir visiško išnykimo grėsmės? Retorinis klausimas. Nepajėgi.

Pabaltijo politikai lengviau panaikins senatvės pensijų institutą, nei pripažins, kad jų šalys nėra sėkmingo vystymosi pavyzdys. Ir tai ne perdėjimas. Lietuvos Socialinės apsdaugos ir darbo ministras Linas Kukuraitis jau pareiškė, kad vienu iš pensijų gavimo šaltinių gali būti privatūs pensijiniai fondai, kuriuose žmonės turėtų kaupti senatvei savarankiškai. „Mūsų gyventojai turi pakankamai lėšų, kad jų dalį atidėtų ateičiai“, — lietuvių finansinėmis galimybėmis tiki Kukuraitis.

Kitas žingsnis šiuo keliu — palikti privačius pensijinius fondus kaip vienintelį pensijinio aprūpinimo šaltinį. Tegul žmonės taupo ir patys išmoka sau pensijas, o valstybė jiems nieko neskolinga.

Šiai „pensijinei reformai“ (kaip visada, labai progresyviai ir paverčiančiai ekonomiką labiau konkurencinga) reikia tik pritaikyti tinkamą ideologinę bazę.

Pavyzdžiui, pasakyti, kad pensijos iš valstybės biudžeto yra „sovietinė atgyvena“ ir „okupacijos palikimas“ — tai, ką šiuolaikinės, europietiškos ir progresyvios Pabaltijo šalys privalo įveikti.

Taip bus sulaukta dar vienos „sėkmės istorijos“.

Informacija

Citavimo sąlygos

Cituodami medžiagas būtinai nurodykite aktyvią mūsų portalo hipernuorodą. Hipernuoroda turi būti matoma, aktyvi, neuždaryta paieškų sistemomis nuo indeksavimo. Autoriai atsako už spausdinamose medžiagose pateiktų faktų teisingumą. Redakcijos nuomonė gali nesutapti su autoriaus nuomone. Už reklaminių publikacijų turinį atsako reklamos kūrėjas.",rubaltic_lt,hidden->open
litund:lrt:LT_COV_15,non,open,"Premjerė apie COVID-19 vakcinų įsigijimą: opozicijos darbas yra ieškoti debesų virš galvų
„Opozicijos darbas yra ieškoti debesų virš galvų tų žmonių, kurie tuo metu yra valdžioje. Mes, kai buvome opozicijoje, lygiai tą patį darėme. Tik tie debesys gali turėti daugiau arba mažiau pagrindo“, – „Žinių radijui“ ketvirtadienį sakė premjerė.

I. Šimonytės teigimu, jos žiniomis, dėl COVID-19 vakcinų įsigijimo ikiteisminį tyrimą pradėjusi Generalinė prokuratūra taip pat nėra pareiškusi įtarimų ministerijai.

„Mano žiniomis, nėra pareikšta kažkokių įtarimų, nėra ir konkrečių žmonių indikavimo, kurių atsakomybės prokuratūra norėtų ieškoti. Juo labiau, kad mes kalbame apie dviejų vyriausybių periodą“, – teigė I. Šimonytė.
„Mano žiniomis, Sveikatos apsaugos ministerija bendradarbiauja su prokuratūra, visą informaciją yra pateikusi. Aš tikiu, kad Lietuvos Respublikos Generalinė prokuratūra yra pajėgi tas aplinkybes įvertinti“, – sakė ji.

ELTA primena, kad praėjusį penktadienį Lietuvos socialdemokratų partijos (LSDP) atstovai Seime kreipėsi į sveikatos apsaugos ministrą A. Dulkį, prašydami paaiškinti situaciją dėl COVID-19 vakcinų pirkimo. Socialdemokratų teigimu, nepaisant didelio kiekio utilizuotų vakcinų, gali būti, kad 2022 m. SAM vienašališkai pratęsė jų užsakymus iki 2026 m.

„Tai reikštų, kad perteklinis COVID-19 vakcinų pirkimas, utilizavimo organizavimas ir su tuo susijusi politinė atsakomybė būtų perduota kitai Vyriausybei“, – teigiama SAM adresuotame dokumente.
Todėl LSDP atstovai prašė A. Dulkio atsakyti, iki kada Lietuva įsipareigojo pirkti COVID-19 vakcinas, ar pratęsus jų užsakymą SAM vadovybė įvertino realų vakcinų poreikį ir galimus valstybės nuostolius. Taip pat socdemai ministro teiraujasi, kas ir kokiais motyvais priėmė sprendimą pratęsti vakcinų pirkimą, ar šie sprendimai buvo derinti su premjere Ingrida Šimonyte.

Savo ruožtu Generalinė prokuratūra yra pradėjusi ikiteisminį tyrimą, kuriuo siekiama nustatyti, ar perkant itin didelį COVID-19 vakcinų kiekį ir vėliau dalį jų utilizuojant nebuvo padaryta nusikalstama veika.
Anot prokuratūros, tyrimas dėl viešojo intereso gynimo priemonių taikymo tikslingumo buvo pradėtas pernai metų gruodį. Jo metu buvo nustatyta, kad Lietuva COVID-19 vakcinas pirko iš penkių skirtingų gamintojų. Nurodoma, kad jos buvo pirktos vykdant Europos Komisijos (EK) inicijuotas ir organizuotas centralizuoto pirkimo procedūras, valstybėms iš anksto sutikus įsigyti pagal pro rata (proporcingumo) principą EK paskirtą vakcinų kiekį.

Lietuva įsigijo daugiau kaip 11 mln. vakcinų dozių už daugiau kaip 230 mln. eurų. Iš šio kiekio apie 2,5 mln. dozių vėliau buvo utilizuotos dėl pasibaigusio jų galiojimo termino bei kitų priežasčių. Apytikslė sunaikintų vakcinų vertė siekia 46,5 mln. eurų.",litund,non->open
litund:lrt:LT_COV_25,non,open,"Gamtoje besimėtančių veido kaukių gali nebelikti: lietuviai jas verčia vandenilio prisotintomis dujomis
COVID-19 pandemijos metu kas mėnesį buvo išmetama tūkstančiai tonų panaudotų chirurginių kaukių. Nors pasaulis sėkmingai įveikė kritinį laikotarpį, pramoninio tvaraus spendimo panaudotų apsaugos priemonių perdirbimui dar nėra. Kauno technologijos universiteto (KTU) ir Lietuvos energetikos instituto mokslininkai, siekdami sukurti chirurginių kaukių perdirbimo technologiją, tiria plazminio dujinimo, kaip ekologiško metodo, galimybes siekiant chirurginių kaukių atliekas paversti švarios energijos produktais. Atlikę keletą eksperimentų, jie išgavo sintetines dujas, kuriose gausu vandenilio, rašoma KTU pranešime žiniasklaidai.

„Yra du būdai, kaip išgauti energiją iš atliekų – paversti kietas medžiagas skystu produktu arba dujomis. Dujinimas leidžia perdirbti didžiulius kiekius atliekų į sintetines dujas, kurios panašios į gamtines, tik yra kelių dujų mišinys (pavyzdžiui, vandenilio, anglies dioksido, anglies monoksido ir metano). Eksperimentų metu „žaidėme“ su šių sintetinių dujų sudėtimi ir atradome būdą kaip padidinti jose vandenilio koncentraciją, o kartu ir šiluminę vertę“, – sako Kauno technologijos universiteto Mechanikos inžinerijos ir dizaino fakulteto mokslininkas Samy Yousefas.
Patobulinta tradicinė atliekų tvarkymo technika

S. Yousefo tyrėjų komanda, sudaryta iš KTU ir Lietuvos energetikos instituto mokslininkų, atlieka tyrimus, susijusius su atliekų tvarkymu ir perdirbimu. Jie nuolat ieško atliekų, kurių aplinkoje yra didžiuliai kiekiai ir kurios turi unikalią struktūrą. Savo darbe jie atliko pirolizės eksperimentus su cigarečių nuorūkomis, panaudotomis vėjo turbinų mentėmis ir tekstilės atliekomis. Vis dėlto šį kartą chirurginių kaukių perdirbimui buvo pritaikytas kitoks metodas.

„Dujinimas yra tradicinis atliekų utilizavimo būdas. Skirtingai nuo pirolizės, kuri vis dar yra naujas ir tobulinamas metodas, dujinimui nereikia daug investicijų į infrastruktūros plėtrą. Plazminis dujinimas, kurį pritaikėme chirurginių kaukių skaidymui, reiškia, kad aukštoje plazmos sukurtoje temperatūroje, per kelias sekundes galime suskaidyti veido kaukes į dujas. Pirolizės atveju galutiniam produktui gauti prireikia iki valandos. Taikant pažangųjį dujinimą, procesas vyksta beveik akimirksniu“, – aiškina S. Yousefas.
Jis teigia, kad taikant pažangius dujinimo metodus, pavyzdžiui, plazminį dujinimą, sintetinėse dujose išgaunama didesnė vandenilio koncentracija (iki 50 proc.). Be to, plazminis dujinimas galutiniame produkte sumažina dervų kiekį, todėl jo kokybė tampa geresnė.

Vandenilio prisotintų dujų šiluminė vertė aukštesnė

Pasak S. Yousefo, plazminis dujinimas yra vienas geriausių būdų sintetinėms dujoms, kuriose gausu vandenilio, išgauti.

„Vandenilis padidina sintetinių dujų šiluminę vertę“, – aiškina KTU mokslininkas.

Jis apibūdina skirtingas vandenilio rūšis: pilkasis gaunamas iš gamtinių dujų arba metano, žaliasis – iš žaliųjų šaltinių (pvz., elektrolizės), mėlynasis – panašiai, kaip ir pilkasis, tik naudojant papildomas technologijas CO2 surinkimui.

„Gal galėtume savo vandenilį pavadinti juoduoju vandeniliu, nes jis gaminamas iš atliekų?“ – juokaudamas sako S. Yousef.

Plazminio dujinimo būdu 95 proc. žaliavos paverčiama dujomis. Likusieji produktai – suodžiai ir degutas. Atlikus analizę nustatyta, kad pagrindiniai junginiai pastarajame buvo benzenas, toluenas, naftalenas.

Suodžiai susiformavo paskutiniame plazminio dujinimo etape. Pagrindinis suodžių komponentas yra juodoji anglis, kuri gali būti plačiai naudojama energetikos, nuotekų valymo ir žemės ūkio srityse arba kaip kompozitų užpildas.
Tyrėjai mano, kad jų pasiūlytas chirurginių kaukių atliekų perdirbimo metodas turi didelį komercinimo potencialą. Pasak KTU tyrėjo S. Yousefo, pagrindinis eksperimento tikslas buvo gauti sintetines dujas, kuriose gausu vandenilio. Nors vandenilį įmanoma atskirti iš gautų sintetinių dujų, galima naudoti ir visą dujų mišinį. Net ir tokiu atveju šių sintetinių dujų šiluminė vertė yra perpus didesnė nei pagamintų iš biomasės.

Tyrimas, kurio metu kaukės buvo perdirbamos į vandenilio dujas, publikuotas žurnalo „International Journal of Hydrogen Energy“ straipsnyje.",litund,non->open
litund:lrt:LT_COV_26,non,open,"Virusologai įspėja: dėl pasikeitusio imuninio atsako šiemet greitieji COVID testai gali apgauti
Virusologų teigimu, šiemet greitieji COVID testai dažnai apgauna. Tai pastebima ne tik Lietuvoje, bet ir kitose šalyse, nes imuninė sistema kitaip reaguoja į virusą nei pandemijos pradžioje. Medikai pataria neapsigauti – jeigu testo rezultatas pirmomis dienomis neigiamas, jį reikėtų kartoti penktą ar net šeštą parą, taip pat apsilankyti pas gydytoją.

Pastarosiomis savaitėmis sergančiųjų peršalimo ligomis daugėja. Daugiau pacientų yra ir gydymo įstaigose, tačiau susirgimų piką, pasak epidemiologų, dar tik pasieksime.

„Ir dirbantys, ir senjorai, ir vaikai ateina, šeimos. Tėvai nuo vaikų pagauna“, – pasakoja Antakalnio poliklinikos priėmimo skyriaus gydytoja Katerina Ulijanova.
Šią savaitę, lyginant su praėjusia, sergančiųjų gripu – daugiau, tačiau sergančiųjų COVID – mažiau. Tiesa, šiemet vis dažniau COVID testai, pasak specialistų, apgaulingi.

„Pandemijos pradžioje niekas iš mūsų nebuvome susidūrę su virusu, o dabar praktiškai kiekvienas esame arba jau persirgę, arba pasiskiepiję, arba ir viena, ir kita, todėl imuninė sistema susidūrus su virusu bando mus apsaugoti. Ir neužtenka infekcijos pradžioje to viruso kiekio, kurį galėtų nustatyti tos testų sistemos, kurios pandemijos pradžioje galėdavo tai padaryti“, – aiškina virusologas Saulius Čaplinskas.
Kartais rezultatas neigiamas net tada, kai liga akivaizdi.

„Jis tikrai kontaktavo net su šeimos nariu, o pas jį arba nėra klinikos, arba testas yra neigiamas“, – teigia S. Čaplinskas.

„Jeigu pirmomis dienomis, sakykim, pirmą–trečią dieną neradote norimo teigiamo atsakymo ir, jeigu tai tikrai COVID, tai tikrai verta pakartoti ir penktą, ir net šeštą parą. Bet vėlgi testai, kaip visada, 100 proc. tikrai neparodys“ – priduria epidemiologė Daiva Razmuvienė.
Testas gali parodyti klaidingą rezultatą ir dėl pačių sergančiųjų kaltės.

„Arba kišamas pagaliukas į nosį per mažai giliai ir nepaimamas virusas tyrimui ir neparodomas, arba per mažai palaikomas, arba kažkokios kitos dalys testo atliekamos neteisingai“, – pažymi „Camelia“ vaistininkas Rimvydas Blynas.
Esant įtarimams, medikai pataria pakartoti greitąjį antigeno testą poliklinikoje, pasidaryti kraujo tyrimus.

„Be COVID yra ir kitų virusų. Ir ne gripas, ir ne COVID. Adeno virusai, RSV virusai. Yra tikrai daug įvairių virusų, kurie sunkūs, temperatūrą sukelia. Nereiškia, jeigu 38 temperatūros turi žmogus, kad tai tikrai yra COVID“, – dėmesį atkreipia Antakalnio poliklinikos priėmimo skyriaus gydytoja K. Ulijanova.
Kilus dvejonėms dėl testo rezultato, medikų teigimu, reikia atkreipti dėmesį į savijautą. Jeigu yra simptomų, rekomenduojama net ir nekarščiuojant namie pabūti 3–5 dienas. Jeigu kontaktas su sergančiuoju buvo, bet simptomų nėra, apribojimų dirbti ar užsiimti kitomis veiklomis nėra.",litund,non->open
litund:lrt:LT_COV_02,non,open,"Šventės ligoninės priimamajame: laukti tenka net šešias valandas
Nemažai gyventojų šias šventes praleido kęsdami gripo, COVID-19 ar peršalimo simptomus. Daliai susirgusiųjų prireikė skubios medikų pagalbos, tad žmonės vyko į ligonines. Kai kur eilės buvo tokios didelės, kad medikų apžiūros teko laukti net iki 6 valandų.

Pastarosiomis savaitėmis gripas, COVID-19 ir ūminės viršutinių kvėpavimo takų infekcijos į ligos patalą paguldė nemažai žmonių. Prieš šventes specialistai fiksavo ryškų sergamumo šuolį, susirgusiųjų gripu netrūko ir šventiniu laikotarpiu.

Nacionalinis visuomenės sveikatos centras pranešė, kad šventinę savaitę bendras sergamumas gripu, ūminėmis viršutinių kvėpavimo takų infekcijomis ir COVID-19 liga Lietuvoje sumažėjo, tačiau gripo atvejų skaičius ir toliau auga.
Praėjusią savaitę registruoti 3 mirties nuo gripo atvejai, nuo COVID-19 ligos – 2 mirties atvejai. Dėl gripo buvo hospitalizuoti 133 asmenys, o dėl COVID-19 ligos – 54 asmenys.

Eilėje ligoninėje – iki kelių valandų

Daugybė sergančiųjų pastarosiomis dienomis užplūdo ir gydymo įstaigas. Klaipėdietis Vidmantas LRT.lt pasakojo, kad šeštadienį – gruodžio 28-ąją – Klaipėdos vaikų ligoninės Priėmimo skyriaus laukiamajame jam su karščiuojančiu vaiku ant rankų medikų apžiūros teko laukti kelias valandas.

„Nuo 17 iki 20 val. eilėje pralaukėme. Vaikas su temperatūra, bet ten visi tokie. Buvo kas nesulaukė ir į Tauragę išvažiavo, kad greičiau būtų. Vėliau atėjusiems jau pačios registratorės sakė, kad reikės laukti 4–5 valandas, tai kas atėjo 19 val., tas apie 23–24 sulaukė“, – sakė Vidmantas.
Vyras pasakojo į medikus nusprendęs kreiptis, nes vaikas serga jau nuo Kūčių ir vis nepavyksta numalšinti iki 40 laipsnių pakylančios temperatūros, o pas šeimos gydytoją pateikti nepavyko.

„Neiškentęs vežiau, nes temperatūra nuo Kūčių virš 39–40. Numušam, vaistų veikimas baigiasi ir vėl 39,5. <...> Gydytoja atskambino, pasakė, kad gal gripas, bet neturiu kaip priimti“, – dėstė klaipėdietis, kurio vaikui minėtoje ligoninėje ir buvo patvirtinta gripo diagnozė.

Vidmantas taip pat pasakojo ir netoli namų esančioje vaistinėje išgirdęs, kad šiomis dienomis daugybei žmonių prireikė vaistų nuo temperatūros, gripo ir COVID-19 testų.

„Per Kalėdas važiavau į vaistinę budinčią. Lauke į eilę atsistojau. Ir tai buvo vaistinėje visoms keturioms kasoms dirbant – trims parduodant receptinius vaistus, vienai – ne. Prie namų vaistinėj testai iššluoti. Sekmadienį vėl buvau vaistinėje papildyti atsargų, sakau vaistininkei, kad keista – 9.30 val., o dar be eilės pas jus. Ji man sako: „Ateikit po valandos, pamatysit“. Vaistų apelsinų skonio negavau, sakė, kad nebeturi jau tokių „einamų“ vaistų“, – kalbėjo gyventojas.
Per parą – iki 150 pacientų

Aiškėja, kad pastaruoju metu Klaipėdos vaikų ligoninėje iš tiesų fiksuojamas gerokai išaugęs pacientų srautas.
Ligoninės vyriausiojo gydytojo pavaduotoja gydymui Diana Vaitkevičiūtė LRT.lt teigė, kad šiuo metu yra labai padidėjęs vaikų sergamumas viršutinių kvėpavimo takų infekcijomis, paskutinėmis savaitėmis nustatoma daug gripo atvejų.

„Į mūsų ligoninės Priėmimo-skubiosios pagalbos skyrių atvyksta pacientai ne tik iš viso Klaipėdos miesto, bet ir viso Klaipėdos krašto. Per parą sulaukiame apie 100–150 pacientų. Labai padidėjus pacientų srautams, deja, gydytojo apžiūros gali tekti laukti nuo 2 iki 6 valandų“, – informavo vyriausiojo gydytojo pavaduotoja.
Ji taip pat pastebėjo, kad ligoninė pacientų tėvus apie didelį gydymo įstaigos užimtumą įspėjo jau anksčiau ir informaciją platino socialinio tinklo paskyroje. Vaikų tėvai raginami prieš atvykstant į Priėmimo – skubios pagalbos skyrių įvertinti vaiko būklę ir apsvarstyti galimybę kreiptis į savo šeimos gydytoją.

„Skubiosios pagalbos skyriuje pacientams pagalba teikiama ne pagal atvykimo laiką, o atsižvelgiant į paciento būklės sunkumą. Nesant sunkių sveikatos sutrikimų pacientui konsultacijos tenka palaukti. Šventinės dienos visada yra iššūkis ne tik pacientams, jų artimiesiems bet ir skubiosios pagalbos skyrių darbuotojams. Kalbamės su kolegomis iš kitų didžiųjų miestų, pacientų srautai visur dideli“, – dėstė D. Vaitkevičienė.
Gydytojai pastebi, kad šiemet gripo simptomai panašūs į ankstesnių metų – vyrauja viršutinių kvėpavimo takų uždegimai, aukštas, kartais užsitęsęs karščiavimas. Keletas mažųjų pacientų Klaipėdos vaikų ligoninėje gydyti dėl gripinio plaučių uždegimo, pasitaikė raumenų uždegimo atvejų.

„Dažniausiai gripas yra tas susirgimas, kuris gydomas namuose, yra vaistai skirti gripo gydymui, būtina užtikrinti skysčių poreikį, vėdinti patalpas, skirti vaistus nuo temperatūros, jei pacientas karščiuoja ir tai jam sukelia diskomfortą. Nedelsiant kreiptis į skubiosios pagalbos skyrių reikėtų, jei nukritus temperatūrai vaikas išlieka vangus, negeria skysčių, nenori žaisti. Atsiradus bėrimui, taip pat jei labai sumažėjo šlapimo kiekis ar vaikas nesišlapina. Visada patariame tėvams aptarti su šeimos gydytoju, kokie simptomai būtent jų vaikui gali būti grėsmingi ir kada reikia iš karto vykti į ligoninę“, – paaiškino D. Vaitkevičienė.
Ligos guldo ir suaugusius

Šiuo metu plintančios ligos neaplenkia ir suaugusiųjų.

Į Klaipėdos universiteto ligoninės (KUL) Priėmimo-skubios pagalbos skyrių per parą vidutiniškai kreipiasi 200 pacientų. Pasak Skubios medicinos klinikos vadovo Mariaus Elliko, pacientų srautai šiomis dienomis išlieka panašūs, tačiau pastebima, kad daugėja žmonių, kurie į medikus pagalbos kreipiasi pajutę virusinių ligų simptomus. Tai siejama su šaltuoju sezonu ir jį lydinčiu gripu ar kitomis virusinėmis ligomis.

Tiesa, pasak M. Elliko, apie 30 proc. pacientų, kurie kreipiasi į Priėmimo-skubios pagalbos skyrių, reikalinga šeimos gydytojo konsultacija ir gydymas ambulatoriškai, o ne skubi pagalba.
Šiuo metu KUL Infekcinių ir odos ligų klinikoje gydomi 8 pacientai, sergantys gripu ir 5, sergantys COVID-19.

Infekcinių ligų gydytojos Rūtos Pundinienės teigimu, sergamumo rodikliai dabar yra kur kas aukštesni – per parą ambulatoriškai dėl gripo simptomų papildomai konsultuojama apie 20 žmonių, taip kai kuriems pacientams prireikia stebėjimo paslaugų. Medikė pastebėjo, kad sergamumas gripu auga visą gruodį.

„Šiemet kaip ir kiekvienais metais šaltuoju metų laiku stebimas gripo atvejų padidėjimas. Daugumai konsultuotų ir gydytų pacientų patvirtintas gripas A. Pacientai įprastai skundžiasi peršalimui būdingais klinikiniais simptomais: dažniausiai ūmia ligos pradžia, sloga, kosuliu, gerklės, galvos (akių) ar raumenų skausmu, atkakliu karščiavimu iki 38 k–39 laipsnių su šaltkrėčiu, bendru silpnumu“, – vardijo medikė.
Specialistė priminė, kad gripo inkubacinis periodas 24–72 val., dažniausiai 48 val. Žmonių imlumas gripui yra didelis. Dažniausia gripo komplikacija yra pneumonija, taip pat tikėtinas lėtinių ligų paūmėjimas. Klinikiniai simptomai dažniausiai tęsiasi apie 7 dienas.

Žmogui, įtariančiam, kad gali sirgti gripu rekomenduotina atlikti savikontrolės greitąjį gripo testą. Rekomenduotina šeimos gydytojo konsultacijai kreiptis per pirmąsias dienas pajutus simptomus.

Vykti į ligoninės skubiosios pagalbos skyrių, pasak Skubios medicinos klinikos vadovo M. Elliko, reikia tais atvejais, kai kyla grėsmė žmogaus sveikatai ar gyvybei.",litund,non->open
litund:lrt:LT_COV_23,non,open,"Lietuvos bioetikos komiteto vadovė: „Tikrų vakcinų skeptikų yra apie 2 proc. populiacijos“
„Pandemijų ar kitų sveikatos krizių situacijose nė vienas nėra saugus, kol visi nėra saugūs“, – teigia Lietuvos bioetikos komiteto vadovė ir UNESCO Tarptautinio bioetikos komiteto ekspertė dr. Asta Čekanauskaitė. Plačiau apie aktualiausius bioetikos klausimus, ateities bioetikos iššūkius ir Lietuvos mokslinės bendruomenės indėlį į UNESCO Tarptautinio bioetikos komiteto sprendimus – Lietuvos nacionalinės UNESCO komisijos sekretoriato interviu su mokslininke. 

– Kaip jūsų akademiniame gyvenime, interesų lauke atsirado bioetikos klausimai?

– Vilniaus universitete studijavau filosofijos bakalauro ir magistro programose, čia pradėjau domėtis tuo metu Lietuvoje labai nišine sritimi – bioetika. Ji pas mus ir tebėra nišinė – iki šiol nė viename Lietuvos universitete neturime atskiros bioetikos studijų programos, tad šiai disciplinai tenka glaustis prie kitų. Kita vertus, bioetika yra tarpdisciplina, jungianti gamtos, sveikatos, humanitarinius ir socialinius mokslus, o bioetikos specialistais dažniausiai tampa filosofai, medikai, teisininkai.

Taigi, aš į bioetiką atėjau iš filosofijos, pradėjau dirbti Lietuvos bioetikos komitete (tuomet jis vadinosi Medicinos etikos komitetas), netrukus ėmiau dėstyti bioetiką Vilniaus universiteto Medicinos fakultete, o vėliau – tame pačiame fakultete studijuoti doktorantūroje. Apgyniau biomedicinos mokslų daktaro disertaciją informuoto asmens sutikimo klinikiniuose tyrimuose tema. Aiškinausi, ką ir kaip paprasti žmonės supranta apie medicinos mokslinius tyrimus, kaip galima padėti jiems geriau suprasti sudėtingą medicininę ir mokslinę informaciją. Man suteiktas biomedicinos mokslų srities visuomenės sveikatos krypties daktaro laipsnis, tačiau tiksliausiai įvardyčiau save kaip bioetikos specialistę, dirbančią ir akademinį, ir administracinį, ir ekspertinį darbą.
– Esate Lietuvos bioetikos komiteto vadovė. Kokius klausimus šis komitetas sprendžia?

– Per beveik trisdešimt šios institucijos gyvavimo metų, matyt, esame nagrinėję visas chrestomatines bioetikos temas. Klausimų spektras labai platus – nuo medikų profesinės etikos (informuoto asmens sutikimo, konfidencialumo) iki medicininių žmogaus gyvybės pradžios ir pabaigos sprendimų priėmimo etinių aspektų. Labai daug dirbame ir esame tikrai stiprūs medicinos mokslinių tyrimų etikos srityje. Pati esu ir Europos Komisijos mokslinių tyrimų vertinimo ekspertė.

Darbo temas dažnai diktuoja politinė darbotvarkė – ji ne tik atneša naujų temų, bet ir ragina peržiūrėti anksčiau priimtus sprendimus, parengtas pozicijas. Pastaraisiais metais labai sparčiai plėtojamos biotechnologijos, keičiasi visuomenės vertybinės nuostatos. Pavyzdžiui, sukuriami vis nauji genetinio modifikavimo metodai (daugeliui lietuvių tikrai girdėtas genų žirklių metodas), įgalinantys kurti sintetinius embrionus. Natūralu, kad ankstesnės gairės, kurios reglamentavo žmogaus embrionų kūrimą mokslinių tyrimų tikslais, turi būti permąstytos, rekomendacijos peržiūrėtos, nes technologiškai naujiems klausimams jų nebepakanka.
– Koks klausimas Lietuvos bioetikos komiteto darbotvarkėje svarstomas šiuo metu?

– Dabar svarstome Pacientų teisių įstatymo pakeitimo projektą. Įstatymą norima papildyti nuostata, kad medikas gali atsisakyti teikti sveikatos priežiūros paslaugas pacientui, kuris elgiasi nepagarbiai, grubiai ar kitaip pažeidžia mediko teises. Atrodo, kad klausimas labai aiškus – visi: tiek pacientai, tiek medikai vienodai turi teises ir pareigas ir vienodai turi jų laikytis, turi būti abipusiškumas. Tačiau klausimas sudėtingesnis: ar iš tikrųjų santykis tarp gydytojo ir paciento yra horizontalus, visiškai lygiavertis, ar vis dėlto medikas, kuris šiame santykyje turi daugiau žinių, informacijos, gebėjimų ir yra mažiau pažeidžiamas, santykinai labiau yra galios pozicijoje?

Ne veltui mediko profesija susaistyta profesinės etikos ir teisinių reikalavimų. Diskusija vyksta Seime, ji ateina ir į visuomenę, joje labai aktyviai dalyvauja pacientų organizacijos. Ji yra geras pavyzdys to, ką labai skatina tarptautinės organizacijos – stiprinti ir įgalinti visuomenę dalyvauti viešose diskusijose dėl įvairių sprendimų bioetikos klausimais. Tiek UNESCO, tiek Europos Taryba, kitos organizacijos net turi atskiras rekomendacijas, gaires, kaip didinti visuomenės įtraukumą, kad tai nebūtų tik specialistų, profesionalų diskusijos, bet įtrauktų ir tuos, kuriuos šie sprendimai veikia tiesiogiai.

– Atrodo, kad svarstant bioetikos klausimus reikia ypatingo jautrumo ir sprendimus priimti nėra paprasta?

– Bioetikos klausimai dažniausiai yra labai jautrūs ir priimti politinį sprendimą gali būti labai sunku. Dauguma tokių didžiųjų bioetikos problemų kaip nėštumo nutraukimas, pagalbinis apvaisinimas ar eutanazija yra ir pasaulėžiūros klausimai, kuriems visuotinai priimtino sprendimo niekada nebus rasta, kadangi jis priklauso ne tik nuo objektyvių faktų, žinių ar informacijos, o ir nuo asmens vertybių, požiūrio ir įsitikinimų. Dėl to bioetikos keliami klausimai ir sunkūs, tačiau ir labai gyvi, asmeniškai svarbūs ir įtraukiantys.
Grįžtant prie sprendimų priėmimo – taip, gali būti tikrai neįtikėtinai įdomu svarstyti vieną ar kitą klausimą kaip mokslininkui, ieškoti skirtingų požiūrio kampų, argumentų ir kontrargumentų, neturint išankstinės nuomonės ir nejaučiant poreikio priimti praktinį sprendimą naštos. Tačiau dėl konkrečių praktinių problemų turi būti priimami konkretūs ir įgyvendinami sprendimai.

Prieš priimant politinius ir teisinius sprendimus, susijusius su bioetikos klausimais, politikai dažnai kreipiasi etikos komitetų patarimo. Tokia praktika įprasta visoje Europoje ir daugelyje kitų pasaulio vietų, taip yra ir Lietuvoje. Etikos komiteto užduotis – iš kuo įvairesnių perspektyvų įvertinti svarstomą klausimą, atsižvelgti į visų susijusiųjų interesus, visus už ir prieš, tačiau kartu turime suprasti ir bendrą teisinę sistemą, teisėkūros principus, kultūrinį kontekstą, sveikatos sistemos veikimo principus.

– Jau antrus metus esate UNESCO Tarptautinio bioetikos komiteto, dėl kurio narių sprendžia pats UNESCO generalinis direktorius, ekspertė. Jūsų nuomone, koks šio komiteto ir Tarptautinės mokslo ir technologių etikos komisijos vaidmuo ir kaip jis keičiasi šiandieniniame globaliame kontekste? Kokius etinius standartus jie padeda įtvirtinti ir kokius etinius klausimus kelia šiandien?

– UNESCO Tarptautinis bioetikos komitetas (IBC) įsteigtas lygiai prieš 30 metų. Kiek vėliau įkurta Tarptautinė mokslo ir technologių etikos komisija (COMEST). Abi šios institucijos veikia tam, kad atlieptų ir padėtų spręsti etinius ir socialinius iššūkius, kurie neišvengiamai lydi neįtikėtinai sparčią gyvybės ir sveikatos mokslo ir technologijų plėtrą. IBC ir COMEST visapusiškai nagrinėja esamas ir ateityje numatomas etikos problemas ir teikia rekomendacijas UNESCO generaliniam direktoriui.

Pastarųjų metų komitetų darbotvarkės prioritetai – su COVID-19 pandemija susiję klausimai. Pavyzdžiui, per COVID-19 pandemiją IBC ir COMEST buvo parengę jungtinę poziciją dėl jos metu naudojamų priemonių, ribojimų, iš esmės apibendrinusią tuo metu su žmogaus teisėmis susijusius suvaržymus. Pandemijai atslūgus, pozicija išsiplėtojo į išsamesnę rekomendaciją „Pamokos, kurias išmokome iš COVID-19 pandemijos“.
Kita darbotvarkės tema taip pat, nors ir ne tiesiogiai, susijusi su valstybių atsakomybe ir elgsena kilus sveikatai ekstremalioms situacijoms, yra UNESCO Visuotinės bioetikos ir žmogaus teisių deklaracijos principo – solidarumas ir bendradarbiavimas – aiškinimas. Mano vertinimu, per pandemiją komitetas sugebėjo susitelkti ir net dirbdamas neįprastai sudėtingomis sąlygomis (36 komiteto nariai atstovauja 4 žemynams), veikdamas labai nuosekliai atliko reikalingų darbų, kurie išliks aktualūs ateityje.

– Kokios tos pamokos, pasiūlymai, rekomendacijos?

– Sudėtinga trumpai apibendrinti dvejų metų diskusijas ir didžiulį dokumentą, į kurį jos nugulė. Tačiau vis dėlto mėgindama išskirti, mano nuomone, svarbiausias ir Lietuvai aktualiausias rekomendacijas, kurias paskatino išmoktos pamokos, įvardinčiau šias: stiprinti pasitikėjimą mokslu, investuoti į sveikatos raštingumą didinančias veiklas, stiprinti visuomenės sveikatos sistemą, aktyviai ir ryžtingai spręsti sveikatos netolygumų problemas, tinkamą dėmesį skirti psichikos sveikatai, pandemijos metu ypač saugoti sveikatos sistemos darbuotojų teisę į darbo stabilumą, poilsį ir teisingą atlyginimą, kelti sveikatos priežiūros specialistų supratimą apie socialinius sveikatos veiksnius.

Vienas iš naujų ir įdomių klausimų, su kuriuo ir pati daugiau dirbau, buvo apie pasaulyje išplitusį reiškinį, įgavusį infodemijos pavadinimą – klaidinančios informacijos, melagienų, pseudomokslo epidemiją. Tai buvo globalus reiškinys ir nė viena šalis nebuvo visiškai pasirengusi į jį reaguoti.

Informacijos sklaidoje ekstremalių sveikatai situacijų kontekste ypač reikšmingas vaidmuo tenka medicinos darbuotojams, jie daro bene didžiausią įtaką žmonių požiūriui ir elgsenai. Todėl labai svarbu užtikrinti, kad ši profesinė grupė komunikuotų aiškią, nedviprasmišką ir objektyvią žinutę. Tačiau akivaizdu, kad tą nėra paprasta užtikrinti dėl daugelio veiksnių.
Lietuvoje taip pat sprendėme panašų klausimą: kiek gydytojo, kaip asmens, žodžio laisvė turi prioritetą ir koks jos santykis su profesine pareiga skleisti informaciją, tik paremtą mokslu grįstais įrodymais. Sudėtinga problema. Vis dėlto padedamos tarptautinių organizacijų ir neabejotinai dėl kitų veiksnių Vakarų šalys išlaikė labai aiškią poziciją dėl to, kas yra įrodymais grįstos žinios ir medicina, o kas ne. Tačiau didžiulėje pasaulio dalyje mokslo įrodymais grindžiama medicina tebesivaržo ar, tiksliau sakant, koegzistuoja su vietos kultūros papročiais, prietarais, šamanizmo praktikomis grįstu gydymu. Šioje kultūrų įvairovėje reikia rasti visiems priimtinus veikimo būdus, o tai iš tiesų yra iššūkis UNESCO ir IBC.

Pandemija atskleidė pasaulio visuomenės, ypač Vakarų, individualizmą. Autonomija, kaip vertybė, žmogaus teisių diskurse tapo mums viena svarbiausių, o pandemija išryškino, kad, ko gero, per stipriai ją akcentuojame, nes juk žmonės gyvena bendruomenėmis, yra saistomi daugybės tarpusavio ryšių ir bendruomeninės vertybės taip pat vaidina nemenką vaidmenį. Kitose kultūrose tai nebuvo joks svarbus atradimas, o vakarietiškame kontekste privertė permąstyti bendruomeniškumo svarbą.

Manau, ir Lietuvoje viena aktualiausių vertybinių diskusijų pandemijos kontekste susijusi su solidarumo principu. Šiuo klausimu man teko dirbti ir UNESCO komitete, bet ne tik todėl jis man artimas ir labai svarbus.

– Kalbate apie žmogaus ir visuomenės santykį?

– Taip, nes vis dėlto mes glaudžiai susiję, todėl negalime būti visiškai individualistai, net jei ir labai to norime. Kartais tiesiog pragmatiškai turime rūpintis kitais, ypač tais, kurie patys savimi nesirūpina ar negali pasirūpinti, nes tik taip visi būsime saugūs. Tai ypač akivaizdu tampa pandemijų ar kitų sveikatos krizių situacijose – nė vienas nėra saugus, kol visi nėra saugūs.

– Su pandemija ir solidarumo principo veikimu susiję masinės vakcinacijos ir galimybių paso klausimai. Ar IBC diskusijose jie buvo aptariami? Kokios buvo šalių įžvalgos? Kokios pamokos ateičiai, jei kiltų naujų pandemijų ir reikėtų įrankių joms valdyti?

– Turbūt nustebinčiau, jei pasakyčiau, kad šis klausimas nebuvo paliestas. Iš tiesų, tiek vakcinacijos pasų, tiek vakcinacijos klausimai buvo vieni iš svarbiausių. Bet UNESCO laikosi diplomatinės pozicijos, teigdama, kad, jei tokios priemonės taikomos, žmogaus teisių standartas turi būti išlaikytas. Tokiu teiginiu UNESCO paliko erdvės valstybėms tai savaip interpretuoti.
Žmogaus teisių standarto laikymasis gali reikšti, jog, siekiant paskatinti, įtikinti žmones vakcinuotis, reikia užtikrinti, kad jie tinkamai gautų teisingą informaciją, galbūt skirtingas nuomones, suteikti galimybę užduoti klausimus – atvirumas ir prieinamumas turi būti užtikrinamas visais lygiais, nuo aukščiausios valdžios iki sveikatos priežiūros įstaigos, kurioje vakcinacija vyksta.

Apklausų duomenimis, tikrų vakcinų skeptikų yra apie 2 proc. populiacijos, visi kiti yra tik netinkamai informuoti asmenys ar grupės. Todėl manoma, kad didysis tikslas ir iššūkis yra sukurti įrankius ir mechanizmus, kurie užtikrintų visų gyventojų ir jų grupių informavimą jiems suprantama kalba ir būdais.

UNESCO rekomendacijos universalios: riboti tiek, kiek reikia, priklausomai nuo aplinkybių (proporcingumo principas), kurių kiekvienoje valstybėje gali būti labai daug: kultūrinių, politinių, ekonominių.

– Visuomenėje girdėjome nuomonių, kad ribojimai buvo per griežti. Įdomu, ar, kaip sakote, išpildžius visas asmens informavimo sąlygas, žmogaus teisių požiūriu numatoma galimybė dėl kokių nors priežasčių atsisakyti vakcinos?

– Labai svarbus ir jautrus klausimas. Atsakydama į jį iš europietiškos teisės ir vertybių perspektyvos, sakyčiau, kad iš esmės atsakymas yra Europos Tarybos Žmogaus teisių ir biomedicinos konvencijoje, kuri sako, kad bet kokia intervencija į žmogaus kūną gali būti atlikta tik gavus informuoto asmens sutikimą. Pandemijos kontekstas šios normos nepanaikino.
Demokratinėje valstybėje neįsivaizduojamas scenarijaus, kad žmogus būtų gaudomas ir priverstinai vakcinuojamas. Visgi visi suprantame, kad susiduriame su situacijomis, kur gera bei vertinama ir mums visiems brangi individo teisė negali būti apsaugota dėl to, kad jos apsauga kelia pavojų kito asmens, asmenų grupės ar bendruomenės teisėms ir gerovei.

Nesu žmogaus teisių specialistė, tad tikriausiai turėčiau palikti žmogaus teisių klausimus komentuoti šios srities žinovams, tačiau iš etikos perspektyvos galėčiau teigti, kad gyvendami bendruomenėje niekuomet negalėsime turėti beribių individo teisių ir laisvių dėl jau minėtos priežasties – gyvenant bendruomenėje vieno individo teisės ribosis su kito ir vienaip ar kitaip mums reikės ieškoti tam tikro teisių ir pareigų balanso. Solidarumas, mano supratimu, turbūt ir yra tas etikos kalbos raktažodis, išreiškiantis šį žmonių bendrabūvio aspektą.

– Ar IBC turi universalią rekomendaciją valstybėms bendrai medicinos etikos klausimais?

– Universali rekomendacija – siekti visuomenės įtraukumo, viešosios diskusijos bei auginti visuomenės sąmoningumą, nes tik sveikatos raštingumas ir informuotumas yra solidaraus elgesio pasirinkimo pagrindas. Asmuo, nesuprasdamas, kodėl jis turi būti solidarus, nesiims veikti solidariai.

Todėl svarbu į sprendimų priėmimo procesus kuo labiau įtraukti paslaugos vartotoją, gyventoją, pilietį, nes žinojimas įgalina tinkamą veikimą, kuris ne tik praktiškai naudingas, bet svarbus ir žmogaus teisių aspektu. Dėl šito sutaria visi, bet problema yra praktinis įgyvendinimas. Kaip to pasiekti?

Didelis skirtumas, kaip tai pavyksta Skandinavijos šalyse, JK ir kaip stringa Vidurio-Rytų Europoje. Tam paaiškinti yra daug veiksnių, tarp kurių, žinoma, materialiniai ištekliai, bet ne mažiau svarbu ir istorija, tradicijos, mentalitetas, kultūros įtaka. Mūsų regione įtraukumo esama, bet jis labiau formalus.
Kita vertus, lyginant su situacija prieš 20 metų, kai apskritai jokio įtraukumo nebuvo, dabar pažanga akivaizdi. Dar neturime labai plačių debatų visais svarstomais bioetikos klausimais, tačiau sprendžiant konkrečius klausimus institucijose jau visada kviečiami nevyriausybinių organizacijų atstovai – tai tapo norma. Kas prasideda formalumu, tampa įpročiu, gausėja visuomeninių iniciatyvų.

Vienas iš labai gerų pavyzdžių Lietuvoje yra diskusija dėl pagalbinio apvaisinimo, kurioje nevyriausybinės organizacijos buvo labai aktyvios ir iš tikrųjų darė įtaką. Daugėja visuomeniško dalyvavimo ir kitose diskusijose, taigi ir šitoje Europos dalyje dalykai keičiasi.

UNESCO rekomendacija būtent tokia ir yra – kuo labiau įtraukti visuomenę. Iki tobulumo ilgas kelias, bet žinant vertybines gaires lengviau tęsti pradėtus darbus.

– Kas toliau? Kokie ateities bioetikos iššūkiai laukia pasaulio?

– Viena paskutinių diskutuojamų temų buvo apie atsakomybę ateities kartoms. Siekiama užfiksuoti sutarimą, kad mes prisiimame moralinę atsakomybę ateities kartoms ir pasaulį turime palikti geresnį arba bent ne blogesnį joms gyventi. Klimato kaita yra dabarties ir ateities dilema, o IBC bei COMEST komitetai mato ryškų jos etinį aspektą.

Visus ateities iššūkius sunku nuspėti. Mokslas vystosi, o mes skubame reaguoti ir įžvelgti galimas etines grėsmes. Tikimės naujų genetikos pasiekimų, proveržio sintetinėje biologijoje. Valstybėse ir tarptautinėse organizacijose matome padidėjusį dėmesį psichikos sveikatai. Tai irgi viena pandemijos pamokų – tapo akivaizdu, kokia trapi yra psichikos sveikata, atsirado supratimas, kad psichikos sveikata yra ne vien sveikatos sistemos, bet ir socialinės srities, bendruomenės reikalas.
– Apibendrinant jūsų patirtį Tarptautiniame bioetikos komitete, ar Lietuva, jos mokslinė bendruomenė turi ką pasakyti UNESCO?

– Visi COMEST ir IBC nariai atstovauja tam tikroms sritims: teisės, medicinos, filosofijos, taigi mokslininkai ar ekspertai į svarstomus klausimus atsineša savo srities indėlį. Komitetas yra ekspertinis, todėl jį formuojant atsižvelgiama į daugybę kriterijų, tarp jų mokslo kvalifikacija, profesinė patirtis, išsilavinimas, be to, regioninis atstovavimas, geografinis balansas, lytis ir t. t. Džiugu, kad mano profesinės žinios ir patirtis rezonuoja globaliame kontekste ir prisideda prie UNESCO misijos. Tai malonus patvirtinimas to, kad ir mažos šalies mokslininkas gali prisidėti prie globalių problemų sprendimo.

Svarbu ir tai, kad ne tik Lietuva atneša UNESCO savo žinias ir patirtį, bet ir UNESCO grąžina Lietuvai. Tai, ką aš, kaip ekspertė, gaunu iš darbo patirties UNESCO, parvežu į Lietuvą ir visomis tomis žiniomis, patirtimi, gebėjimais dalinuosi su kolegomis, institucijomis, studentais, bendruomene.",litund,non->open
litund:lrt:LT_COV_08,non,open,"Nuovargis, suprastėjusi atmintis ir nemiga – ilgasis COVID-19 gali trukti mėnesius
Trūksta jėgų, atmintį gaubia rūkas, o naktį nepavyksta gerai pailsėti – tai tik keli iš dažnų simptomų, dar kurį laiką primenančių apie užsikrėtimą koronavirusu. Medicinos diagnostikos ir gydymo centro „Hila“ šeimos gydytoja Daiva Berškienė sako, kad pasitaiko atvejų, kai pacientai infekcija serga lengvai, tačiau nemalonūs simptomai, dar kitaip vadinami ilguoju kovidu, vis tiek kankina dar kurį laiką, rašoma medicinos diagnostikos ir gydymo centro „Hila“ pranešime žiniasklaidai.

Į vieną gretą drauge su sezoniškai paūmėjančiomis ligomis atsistojęs koronavirusas šiandien kiek kitoks nei buvo pirmosiomis pandemijos bangomis. Rudenį sugrįžtančios infekcijos pagrindiniai simptomai nedaug skiriasi nuo kitų viršutinių kvėpavimo takų ligų. Apie susirgimą dažniausiai įspėja gerklės skausmas, bendras silpnumas, o ne vandeninga sloga.

„Virusas keičiasi. Jeigu anksčiau pažeisdavo kvėpavimo takus, šiandien taikosi į nervų sistemą. Koronavirusas, net ir mutuojantis, yra neurotropiškas, pažeidžiantis nervus. Dar pirmosios viruso bangos metu dažnai dingdavo uoslė, būdavo pažeidžiami uoslės nervai. Dabar nustatyta, kad tam tikrame lygyje lieka pažeidimai ir galvos smegenyse. Virusas gali išbalansuoti nervų sistemą, dėl to atsiranda didelis silpnumas ir kiti liekamieji simptomai“, – paaiškina gydytoja.
Nukenčia antinksčiai

Šeimos gydytoja D. Berškienė pabrėžia, kad koronavirusas organizmui sukelia didelį poreikį gintis ir prisitaikyti, todėl antinksčiai, aktyviai dalyvaujantys šiame procese, išskirdami kortizolį, reguliuodami į uždegimines reakcijas, tiesiog „pavargsta“. „Net praėjus nemažai laiko po ligos, pacientai nesijaučia žvalūs. Atrodo, kad kūnas stabdo. Taip yra dėl visų sistemų išsekinimo ligos metu, antinksčiai – vieni jų“, – paaiškina gydytoja.

Anot medikės, ne visada liekamieji simptomai tiesiogiai atitinka ligos sunkumą. Pasitaiko situacijų, kai pacientai prisipažįsta ligos metu jautę tik silpnumą, net nekarščiavę, jiems tik truputį skaudėjo gerklę, tačiau pasveikus liekamieji simptomai kankino ilgiau nei tuos, kurie sirgo sunkia ligos forma.

Manoma, kad liekamųjų simptomų stiprumas priklauso tiek nuo viruso atmainos, kuria buvo užsikrėsta, tiek nuo organizmo ar tiksliau – imuninės sistemos būklės sergant.
Liekamieji simptomai – darboholikų problema

Norint sumažinti ilgai trunkančius liekamuosius simptomus labai svarbu sunegalavus neskubėti grįžti į darbus ir paisyti gydytojų rekomendacijų.

„Žmonės, kurie gyvena intensyvų gyvenimą, nepalieka sau laiko sveikti. Liga jiems atrodo tik laiko gaišimas, todėl nedirba tol, kol karščiuoja, bet vos tik pasijutę kiek geriau grįžta į reikalus, neskiria laiko poilsiui ir vėl užsisuka darbuose bei bemiegėse naktyse, nepalieka galimybės savo kūnui atsigauti“, – dažnai pastebimomis situacijomis dalijasi gydytoja.

Persirgus koronavirusu, pirmiausiai, svarbu padėti visoms sistemoms atsigauti. Pradėti vertėtų nuo miego įpročių peržiūros.

„Miego metu išsiskiria hormonai, kurie labiausiai mus atnaujina – melatoninas, augimo hormonas, todėl visada pirmiausiai svarbu pagalvoti, ar skiriu miegui 7–8 valandas ir kokios kokybės mano poilsis. Prieš naktį turėtų būti išjungti visi įrenginiai, kambaryje turėtų būti komfortiška temperatūra, tamsu“, – pataria gydytoja.
Rūpestis savimi

Po įveiktos koronaviruso infekcijos nereikėtų pamiršti ir apie vitaminą C ir D. Mat vitamino D resursai po ligos dažniausiai drastiškai sumažėja. Vitaminas D turi priešuždegiminių savybių, jo stoka gali lemti energijos trūkumą, slogią nuotaiką – simptomus, kurie glaudžiai susiję ir su ilguoju kovidu. Su šio vitamino trūkumu dažnas susiduriame ir įprastai dėl gyvenimo būdo, ilgo laiko uždarose patalpose, be to, Lietuvoje, kur nedaug saulėtų dienų, net ir šiltuoju sezonu neprikaupiame atsargų. Vitaminų resursus tiksliausiai parodo laboratoriniai tyrimai.

Taip pat svarbu atkreipti dėmesį į savo mitybą. Organizmui padėti atsistatyti galima dažniau ir gausiau paįvairinant lėkštės turinį šviežiais vaisiais, daržovėmis, skaidulų turinčiais maisto produktais. Po vadinamojo ilgojo kovido atsigauti gali padėti ir laipsniškai įtraukiamas fizinis aktyvumas, laikas gryname ore.
„Susiduriant su liekamaisiais simptomais turime padėti pabusti antinksčiams. Dažniausiai sąmoningai skirdami dėmesio poilsiui, mitybai, fiziniam aktyvumui rezultatus pradedame matyti jau po kelių savaičių. Įprastai liekamieji simptomai neturėtų trukti ilgiau nei mėnesį, tačiau kartais jie gali tapti priežastim apsilankyti ir gydytojo kabinete“, – sako D. Berškienė.

Susiduriant su liekamaisiais kovido simptomais ilgesnį laiką ir savijautai negerėjant, naudinga tai aptarti su gydytoju. Gali būti, jog paaiškės poreikis atlikti ir išsamesnius laboratorinius ar instrumentinius tyrimus. Pasitaiko atvejų, kai po persirgtos Covid-19 infekcijos pacientams tenka apsilankyti ir pas gydytojus neurologus ar kardiologus, nes virusas ar jo komplikacijos pažeidžia ir nervų sistemą ar net širdį.",litund,non->open
litund:lrt:LT_COV_13,non,open,"Nacionalinis visuomenės sveikatos centras: prieš mokyklą svarbu nepamiršti skiepų
Nacionalinis visuomenės sveikatos centras (NVSC) artėjant naujiems mokslo metams kviečia pasirūpinti skiepais, atidžiai peržiūrėti Lietuvos Respublikos vaikų profilaktinių skiepijimų kalendorių ir įsitikinti, ar visi skiepai buvo atlikti laiku. Kodėl svarbu paskiepyti vaikus prieš sugrįžtant į ugdymo įstaigas, kokius skiepus reikia atlikti ir ką daryti, jei dėl atitinkamų priežasčių skiepai buvo praleisti, skaitykite pranešime.

Kodėl svarbu skiepytis?

Vakcina – saugiausia ir patikimiausia apsauga nuo gyvybei pavojingų užkrečiamųjų ligų. Skiepų pagalba apsaugomi ne tik pasiskiepiję asmenys, bet ir tie, kurie dėl sveikatos būklės to padaryti negali. Skiepijant vaikus, labai svarbu laiku atlikti visus rekomenduojamus skiepus pagal vaikų profilaktinių skiepijimų kalendorių (Kalendorius). Tačiau, jei dėl ligos ar dėl kitų priežasčių, skiepus, kurie buvo numatyti Kalendoriuje, teko praleisti, reikia nedelsiant kreiptis į vaiką prižiūrintį gydytoją, kuris sudarys individualų skiepijimų planą.

„Paskiepyti vaikus prieš sugrįžtant į ugdymo įstaigas yra labai svarbu, nes į naują kolektyvą ateina skirtingi vaikai, kurie gali nešioti įvairių užkrečiamųjų ligų sukėlėjų. Uždarose patalpose, t. y. klasėse, labai palankios sąlygos įvairioms ligoms plisti. Visi turbūt žinome, kad rudenį padidėja sergamumas gripu ir COVID-19 liga bei kitomis oro lašeliniu būdu plintančiomis ligomis, kuriomis užsikrėtę vaikai negalės būti skiepijami skiepais pagal Kalendorių, tuomet juos turėsite atidėti, vaikai nebus paskiepyti laiku ir tai nėra gerai“, – atkreipia dėmesį NVSC direktorius Vaidotas Gruodys.
Reikalingi skiepai prieš mokyklą

Primenama, kad nuo žmogaus papilomos viruso (ŽPV) gali pasiskiepyti visi vienuolikmečiai. „Džiaugiuosi, kad nuo pernai vasario mėnesio turime galimybę paskiepyti ne tik vienuolikmetes mergaites, bet ir to paties amžiaus berniukus, nes ŽPV infekcija, kaip yra žinoma, lyties nesirenka“, – atkreipia dėmesį NVSC vadovas.

Moterims didelės onkogeninės rizikos ŽPV gali sukelti gimdos kaklelio, makšties, vulvos bei išangės ikivėžines ligas ir vėžį, vyrams – išangės ir varpos ikivėžines ligas ir vėžį. Abiejų lyčių žmonėms šie virusai gali sukelti burnos, ryklės, gerklų, liežuvio šaknies ar net seilių liaukų bei tonzilių ikivėžines ligas bei vėžį. Ilgai išliekanti mažos rizikos ŽPV infekcija sukelia minėtų organų karpas.
Pagal Kalendorių 6–7 metų vaikai pakartotinai skiepijami nuo kokliušo, difterijos, stabligės, poliomielito, taip pat nuo tymų, epideminio parotito bei raudonukės. 15–16 m. paaugliams reikia pakartotinai pasiskiepyti nuo difterijos, stabligės ir kokliušo.

„Artėjant mokslų metų pradžiai raginu nepamiršti ir tuberkuliozės prevencijos – pasinaudoti nemokama galimybe atlikti tuberkulino mėginį. Jį gali atlikti 6–7 metų amžiaus vaikai ir vaikai, priklausantys tuberkuliozės rizikos grupėms, pavyzdžiui, dažnai sergantys peršalimo ligomis, bendraujantys su sergančiaisiais tuberkulioze šeimoje ar kolektyve“, – primena NVSC direktorius.",litund,non->open
litund:lrt:LT_COV_05,non,open,"Šaltasis sezonas – nebūtinai ligų pranašas: kaip apsisaugoti nuo virusų?
Įsibėgėjęs rudens sezonas su savimi atsinešė ne tik šaltus orus, bet ir juos lydinčius sezoninius susirgimus – pranešama apie išaugusį peršalimo, gripo ir kitų virusinių ligų skaičių. Visgi, sveikatos specialistų teigimu, atėjęs šaltasis sezonas tikrai neprivalo būti ligų pranašu – susirgimų galima išvengti stiprinant imunitetą ir rūpinantis savimi, rašoma draudimo bendrovės ERGO pranešime žiniasklaidai.

Auga registracijų pas gydytojus skaičius

Pasak sveikatos paslaugų platformos manodaktaras.lt vadovo Martyno Burbos, šaltuoju metų laikotarpiu dažniausiai pasireiškia virusinės infekcijos: įvairūs peršalimai, gripas, COVID-19 ir kiti panašaus pobūdžio susirgimai.

„Apie įsibėgėjusį ligų sezoną mums pirmiausia praneša išaugęs registracijų pas šeimos bei vaikų ligų gydytojus skaičius – rudenį ir žiemą savo platformoje fiksuojame iki 30 proc. daugiau registracijų pas pirmo lygio gydytojus. Taip pat šiuo laiku daugiau žmonių renkasi nuotolines konsultacijas, taip specialistus pasiekdami ne tik patogiau, bet ir greičiau, kas itin aktualu susirgus ūmine liga“, – pasakoja M. Burba.
Draudimo bendrovės ERGO Gyvybės draudimo departamento vadovė Baltijos šalyse Vaida Jauneikaitė-Prakienė pastebi, kad rudenį gyventojai, turintys papildomą sveikatos draudimą, dažniau jį naudoja vaistams nuo skausmo ar temperatūros, antibiotikams, vaistams nuo peršalimo bei kvėpavimo takų infekcijų įsigyti.

„Kartais šių išlaidų galima išvengti tiesiog stiprinant sveikatą – tiek vartojant vitaminus, tiek rūpinantis sveika mityba, sportuojant“, – tvirtina V. Jauneikaitė-Prakienė.

Stiprinti imunitetą padeda ir mityba

Tyrimai rodo, kad itin didelę įtaką mūsų imuninės sistemos stiprumui turi būtent gyvenimo būdo pasirinkimai: mityba, fizinis aktyvumas, netgi miego trukmė. Pavyzdžiui, žmonėms, kurie miega trumpiau nei 6 valandas, tikimybė susirgti peršalimo ligomis yra kur kas didesnė nei tiems, kurie miega rekomenduojamas 7–9 valandas.

„Be abejo, vien tik gero miego neužteks. Norintiems rečiau sirgti specialistai rekomenduoja daugiau laiko leisti gryname ore, užsiimti aktyvia veikla, rūpintis sveika mityba ir tą daryti kasdien. Pavyzdžiui, į valgiaraštį įtraukti daugiau daržovių ir vaisių, turinčių vitamino C, kuris yra puikus ginklas kovojant su virusais. Be to, kai įmanoma, rinktis sezonines gėrybes – jose vitaminų ir kitų organizmą stiprinančių maisto medžiagų bus daugiausia“, – pataria M. Burba.
Kalbant apie vitaminus, sveikatos specialistai ragina kartu su vitaminu C neužmiršti vitamino D svarbos. Šaltuoju metų laiku dažniausiai su saulės šviesa gaunamo vitamino ilgainiui ima trūkti, tad vitamino D papildai gali tapti dar viena priemone imunitetui stiprinti.

Padeda ir elementari profilaktika

Galiausiai, riziką susirgti padeda sumažinti ir įvairios prevencinės priemonės. Specialistų teigimu, efektyviausia prevencinė priemonė prieš gripą ir COVID-19 vis dar išlieka skiepai, tad norintys apsisaugoti raginami dėl skiepų konsultuotis su šeimos gydytojais. Nuo kitų virusų ir bakterijų apsisaugoti padeda bendrinių higienos rekomendacijų laikymasis: dažnas rankų plovimas, paviršių dezinfekcija, patalpų vėdinimas.
„Kruopščiai ir dažnai plaudami rankas, dezinfekuodami dažniausiai liečiamus paviršius, vėdindami patalpas galime apsaugoti ne tik save, bet ir savo artimuosius bei kolegas. Apskritai, derinant profilaktiką ir organizmo stiprinimą daugeliui virusų galima užkirsti kelią ir šaltąjį sezoną sutikti sveikiems“, – sako M. Burba.",litund,non->open
litund:lrt:LT_COV_11,non,open,"Ministerija primena, kas nuo gripo ir COVID-19 gali pasiskiepyti nemokamai
Prieš prasidedant šaltajam sezonui Sveikatos apsaugos ministerija (SAM) primena – savo imunitetu turime pasirūpinti kiekvienas, o geriausia apsauga nuo labiausiai plintančių infekcinių susirgimų – gripo ir koronaviruso infekcijos – skiepai. Skiepijimas gripo ir atnaujintomis COVID-19 vakcinomis labiausiai rekomenduojamas rizikos grupėse esantiems asmenims – jie abiem vakcinomis bus skiepijami nemokamai, rašoma SAM pranešime žiniasklaidai

„2024–2025m. sezono metu nuo COVID-19 ligos skiepijama atnaujintomis vakcinomis, kurios skiriasi nuo tų, kuriomis buvo skiepijama praėjusį sezoną. COVID-19 vakcinų atnaujinimą dar 2024 m. balandžio mėn. rekomendavo Europos vaistų agentūra. Nuo COVID-19 ligos rekomenduojama skiepyti praėjus 6 mėn. po persirgimo šia liga ar pastarosios vakcinacijos. Sezoninio gripo vakcina rekomenduojama skiepytis kiekvienais metais, nes gripo virusai keičiasi – mutuoja. Kiekvienais metais kuriama nauja vakcina, atsižvelgiant į cirkuliuojančius gripo virusų tipus. Gripo vakcinos taip pat atnaujintos – jos atitinka Pasaulio sveikatos organizacijos rekomendacijas Šiaurės pusrutuliui“, – teigia SAM Visuomenės sveikatos departamento Sveikatos stiprinimo skyriaus patarėja Ginreta Megelinskienė.
Nacionalinis visuomenės sveikatos centras (NVSC) nuolat seka bendrą sergamumo gripu lygį ir pastebi, jog tradiciškai sergamumo ūminėmis viršutinių kvėpavimo takų infekcijomis (ŪVKTI) kilimas prasideda kiekvienų metų rudenį, tad šie metai nėra išimtis.

„Stebint bendrą sergamumą ŪVKTI rodikliai panašūs į iki pandemijos buvusius sergamumo rodiklius. Tačiau vertinant sergamumo struktūrą matome, kad šiuo metu pastebimai didėja sergamumas COVID-19 liga. SARS-CoV-2 aktyvumo didėjimas Europoje prasidėjo maždaug 6 savaitėmis anksčiau nei 2023 m., panaši tendencija stebima ir Lietuvoje. Kol kas nematome priežasčių panikuoti – svarbu prisiminti ir pradėti taikyti pagrindines ŪVKTI prevencijos priemones. Rekomenduojame neatidėlioti ir pasiskiepyti nuo gripo ir COVID-19, ypač jeigu priklausote rizikos grupei“, – sako Nacionalinio visuomenės sveikatos centro (NVSC) Užkrečiamųjų ligų valdymo skyriaus patarėja Greta Gargasienė.

Padidėjęs sergamumas pastebimas ir gydymo įstaigose – anot šeimos gydytojos Almos Astafjevos, šeimos gydytojai savo darbe jau apie 4 savaites pastebi padidėjusį sergamumą COVID-19 liga.

„Pacientai jaučia pakankamai lengvus simptomus, kaip sloga, nosies užgulimas, bendras silpnumas, gerklės perštėjimas, kiek dažniau skundžiasi intensyviais galvos, nugaros skausmais. Kita dalis pacientų aktyviai karščiuoja net kelias paras iki 39 laipsnių ir kosėja. Tipiniu požymiu kaip uoslės praradimas šiuo metu skundžiamasi rečiau, todėl apie tai, kad serga COVID-19, pacientai sužino tik atlikę greitąjį antigeno tyrimą“, – sako gydytoja.
A. Astafjevos teigimu, sveikatos priežiūros įstaigose COVID-19 teigiamų atvejų skaičius yra didžiausias tarp 65 metų ir vyresnių asmenų, o tai rodo, kad pažeidžiamoms gyventojų grupėms vis dar gresia rizika susirgti sunkia ligos forma. Ji priduria, jog diagnozuoti susirgimą galima greituoju antigeno tyrimu, kurį galima atlikti namuose arba gydymo įstaigoje. Atliekant namuose rekomenduojama kartoti tyrimą, nes pakartojus po kelių dienų tyrimas gali būti teigiamas.

„Gydymas yra simptominis – skysčiai, elektrolitai, pastilės gerklei, aktyvus nosies plovimas jūros vandeniu, kosulį lengvinantys preparatai, taip pat yra specifinis antivirusinis gydymas, kuris skiriamas gydytojo tiems pacientams, kurie turi didžiausią riziką susirgti sunkia ligos forma t. y. tie, kurie turi rizikos veiksnių, kaip lėtinės ligos, nutukimas, rūkymas, anksčiau sirgę sunkia ligos forma“, – teigia A. Astafjeva.

Kam ir kokios vakcinos būtinos?

Šį 2024–2025 m. sezoną gyventojai gali pasiskiepyti atnaujintomis gripo ir COVID-19 vakcinomis, jos atnaujintos, atsižvelgiant į cirkuliuojančias virusų atmainas. Valstybės lėšomis įsigytos gripo „Influvac Tetra“ ir „Comirnaty“ skiepijimui nuo COVID-19 vakcinos. Skiepijama viena atnaujintos vakcinos doze šiam sezonui. COVID-19 skiepijama, kai yra praėję 6 mėn. po persirgimo ar vakcinacijos. Pirminė vakcinacija nevertinama – nesvarbu, keliomis dozėmis žmogus yra pasiskiepijęs prieš tai.
Rudens orai sudaro palankią terpę viršutinių kvėpavimo takų infekcijų plitimui, todėl SAM ir NVSC atkreipia dėmesį, jog labiausiai pasiskiepyti abiem – gripo ir COVID-19 – vakcinomis rekomenduojama rizikos grupei priklausantiems asmenims:

65 metų amžiaus ir vyresniems žmonėms;
sergantiems lėtinėmis ligomis (taip pat ir vaikams);
socialinės globos ir slaugos įstaigų gyventojams (taip pat ir vaikų globos įstaigose);
sveikatos priežiūros įstaigų darbuotojams;
nėščiosioms (bet kuriuo nėštumo laikotarpiu);
nuo šio rudens nemokamai gripo vakcinomis skiepijami ir 2-7 metų vaikai.
Išvardintoms grupėms gripo vakcinos yra nemokamos, COVID-19 vakcina visi gyventojai skiepijami valstybės lėšomis.

Kur galima pasiskiepyti?

Asmenys gali registruotis per Išankstinę pacientų registracijos informacinę sistemą (IPR) arba tiesiogiai kreipdamiesi į skiepijančią gydymo įstaigą, kur juos užregistruoja ASPĮ darbuotojai. Jei rizikos grupėms priklausantys gyventojai norės skiepytis kartu su gripo vakcina, tą galės padaryti savo ASPĮ, kurioje yra prisirašę.

Svarbu paminėti, kad gydymo įstaigos pačios sprendžia dėl gripo ir COVID-19 vakcinų užsakymo ir nuo jų priklauso, ar užtikrinama vakcinacija šiomis vakcinomis, tad prieš skiepijantis rekomenduojama susisiekti su norima įstaiga ir įsitikinti dėl turimų vakcinų.

Rugsėjo 12 d. duomenimis abiejų vakcinų – gripo ir COVID-19 bent vienoje gydymo įstaigoje turi dauguma savivaldybių, išskyrus Birštono, Joniškio, Kazlų Rūdos, Lazdijų, Rietavo, Skuodo, Šilutės, Varėnos ir Zarasų savivaldybes.
Gydymo įstaigos nuo rugpjūčio 26 d. gali užsakinėti šias vakcinas, įvertindamos savo pacientų susidomėjimą ir poreikį vakcinuotis. Kai gydymo įstaigos pateikia užsakymą, vakcinos pristatomos tą pačią savaitę arba kitos savaitės pradžioje.

Primenama, kad nuo COVID-19 ligos galima pasiskiepyti bet kurioje gydymo įstaigoje, nebūtinai ten, kur asmuo yra registruotas.

Kol vakcinų užsakymas įsibėgėja ir vyksta logistiniai procesai, pacientams rekomenduojama vadovautis aukščiau paminėtu sąrašu ir kreiptis į tas įstaigas, kurios jau užsakė vakcinas.

Norint pasiskiepyti abiem vakcinomis, rekomenduojama kreiptis į gydymo įstaigą, prie kurios asmuo prisirašęs. Gripo vakcinos rizikos grupėms priklausantiems asmenims valstybės lėšomis kompensuojamos toje gydymo įstaigoje, kurioje asmuo yra registruotas. Savo lėšomis gripo vakcina galima pasiskiepyti bet kurioje gydymo įstaigoje ar vaistinėse.

Skiepijimas daugiau nei viena vakcina vieno apsilankymo metu yra įprasta medicininė praktika – tai greita, patogu, rekomenduojama specialistų.

Nepamiršti prevencijos

Primenama, kad nuolat rekomenduojamos gripo, COVID-19 ligos ir kitų ŪVKTI plitimą ribojančios priemonės visuomenei, asmens ir visuomenės sveikatos priežiūros įstaigoms (ASPĮ): reguliarus ir teisingas rankų plovimas ir (ar) dezinfekavimas; tinkama kvėpavimo takų higiena (kosint ar čiaudint prisidengti burną bei nosį popierine servetėle ar nosine, nusiplauti rankas); medicininių kaukių ar respiratorių dėvėjimas ir slaugant sergantį asmenį; sergančiųjų izoliavimas namuose ar ligoninėje; dažnas gyvenamųjų ir darbo patalpų vėdinimas ir valymas drėgnuoju būdu.
Gripo, COVID-19 ligos bei kitų ŪVKTI sergamumo pakilimo laikotarpiu, nesant paskelbtos epidemijos, ASPĮ bei socialinės globos įstaigos, atsižvelgdamos į turimą infrastruktūrą bei išteklius, gali taikyti griežtesnius infekcijų kontrolės reikalavimus, susijusius su pacientų srautų valdymu, asmens apsaugos priemonių dėvėjimu, pacientų lankymo trukmės ar lankytojų skaičiaus ribojimu ir kt.",litund,non->open
litund:lrt:LT_COV_29,non,open,"Evangelikų reformatų dvasininkas: demokratinėje visuomenėje neturėtume vartoti žodžio „antivakseris“
Lietuvos evangelikų reformatų bažnyčios kunigas ir teologas Holgeris Lahayne`as „Bernardinai.lt“ paskelbė daug dėmesio sulaukusį komentarą, kuriame išsakė kritiką Nacionalinio muziejaus Istorijų namuose eksponuojamai parodai apie sąmokslo teorijas. Anot jo, požiūris į jas viešojoje erdvėje – neigiamas ir ribotas, o iš tiesų šis reiškinys yra daug sudėtingesnis. Be to, kai kurios sąmokslo teorijos ilgainiui pasitvirtino, tokio situacijos vaizdavimo jis pasigedo ir muziejaus ekspozicijoje. Pasak pašnekovo, į sąmokslo teorijų reiškinį reikėtų žiūrėti objektyviai ir iš anksto visų sąmokslo teorijų nepasmerkti, nes piliečiai turi teisę kritikuoti bet kokią politiką.

– Panašu, kad jūsų komentaras kaupėsi ilgai, kaip kilo mintis rašyti būtent sąmokslo teorijų klausimu?

– Jau kurį laiką stebiu sąmokslo teorijos termino naudojimą viešajame diskurse, jis ypač suintensyvėjo prasidėjus pandemijai. O po to buvo paroda Istorijų namuose, proga apie tai rašyti. Išprovokavo šį tekstą tai, kaip ten buvo pristatyta Michaelio Schellenbergerio knyga (turima mintyje knyga „Apocalypse Never: Why Environmental Alarmism Hurts Us All“ – LRT.lt) <...> Galvojau, reikia rašyti, nes knyga parodoje pastatoma neteisingai, autorius statomas į klimato kaitos neigėjų eilę. Tai neteisinga, reikia įsigilinti plačiau, įvertinti parodą. Bet neužtenka sakyti: blogai, reikia ir plačiau pagrįsti mintis. Pradėjau gilintis, ir toks rezultatas.
– Pateikiate kritikos vyraujančiam požiūriui į sąmokslo teorijas ir žiniasklaidoje, ir iš politikų lūpų. Ką pastebėjote, koks požiūris Lietuvoje vyrauja ir ką kritikuojate?

– <...> Dominuoja neigiamas požiūris į tą fenomeną. Tai nelabai moksliška, nes sąmokslai egzistuoja ir sąmokslo teorijos negali būti visiškai neigiamas dalykas. Apgailestauju, kad daug žmonių ir žurnalistų tam tikra prasme eina trumpiausiu keliu, neargumentuoja nei klimato kaitos, dėl pandemijos valdymo priemonių ir priežasčių. Tiesiog uždeda etiketę – tai yra sąmokslo teorija ir toliau nediskutuoja. Tai – neteisingas požiūris.
– Kaip jūs siūlytumėte žiūrėti į sąmokslo teorijas?

– Galima sakyti, neutraliai, nešališkai. Aptinkame tą sąvoką ten, kur žmonės nori kitus žmones kritikuoti, menkinti. Jei patys svarsto apie vieną ar kitą sąmokslą, vadina kitaip. Konkretus pavyzdys: buvo po „Hamas“ atakų keli renginiai Vilniuje, palaikantys Izraelį, Vytautas Landsbergis ten dalyvavo, ir leido suprasti, kad Vladimiras Putinas atidarė naują frontą Gazos Ruože.

Tai savotiška sąmokslo teorija, kad Putinas per Iraną kiša savo rankas. Panašiai su „Nordstream“ dujotiekio sprogimu, turime kelias sąmokslo teorijas. Pradžioje Lietuvoje buvo rašoma, kad tai Kremlius sprogdino, dabar diskutuojamos kitos teorijos: JAV, Vokietijos tarnybos tiria versiją, kad tai net gali būti ukrainiečiai. Taigi, gal pasirodys, kad viena ar kita sąmokslo teorija yra prastai pagrindžiama, bet reikia sąžiningai ir kuo objektyviau visa tai ištirti, o ne iš karto užklijuoti etiketę. Deja, bijau, kad ši sąvoka jau yra sugadinta amžiams <...> Reikia sąvoką išgelbėti, apie įvairias teorijas kalbėti objektyviai ir kuo moksliškiau, ne iš karto dėti į vieną stalčių.
– Net jei sąmokslo teorijos, kaip sakote, yra natūralus reiškinys, ar visuomenė, valstybė nėra geresnė be jų? Nes jei žmonės nuolat įsivaizduoja, kad kažkas mums nori pakenkti, jie jaučiasi nesaugūs, tai skatina nepasitikėjimą.

– Be abejo, jei plinta daug sąmokslo teorijų, tai rodo, kad kažkas visuomenėje, valstybėje gal ne visai gerai. Kuo mažiau sąmokslų, tuo geriau <...> Žinoma, tai neigiamas dalykas. Bet tai ne nuo mūsų priklauso, kas rezga sąmokslą. Negalima kaltinti piliečių, kad jų nepasitikėjimas kyla – tai labai pigu. Gali būti, kad valdžios institucijos slepia blogus ketinimus ir dažnai vyriausybės, tarnybos turi daug galios, pinigų ir geba paslėpti tam tikrus ketinimus. Aš, pilietis, irgi galiu regzti sąmokslą, slėpti blogus ketinimus, bet mano galimybės yra pakankamai ribotos.
Kai kyla galia, finansinė ir fizinė, [atsiranda] policijos aparatas, kariuomenė, kai kurie žmonės gali žymiai geriau paslėpti blogus ketinimus, planus ir veiksmus. Eilinis pilietis turi turėti galimybę bent jau mąstyti apie blogų veikėjų ketinimus ir planus. Valstybės institucijos, ir aš taip pat, turime užsitarnauti pasitikėjimą gerais veiksmais. Mane stebina, kad net ir ES lygiu skelbiama, kad norima užkardyti ir net išnaikinti sąmokslo teorijas. Atvirai sakant, tai gąsdina.

Politiškai save priskirčiau klasikiniam liberalizmui, tiek Johną Stewartą Millį, tiek kitus skaitant sakoma, kad žodžio, religijos, sąžinės laisvė yra demokratinės visuomenės kertinis akmuo. Tai reiškia ir teisę į nesąmonę, į kvailą sąmokslo teoriją. Negali būti, kad valdžios įstaiga nustato, kad tai yra tiesa, turite mąstyti taip ir ne kitaip. Teisė į religijos laisvę reiškia, kad gali būti teisinga ir neteisinga religija, teisinga ir neteisinga bažnyčia. Mano manymu, kitos bažnyčios ir religijos tam tikra prasme yra neteisingos, bet tegul jie gyvuoja, o mes tarpusavyje pilietiškai, broliškai diskutuokime. Tačiau nenoriu užtildyti katalikų, ortodoksų, ateistų, tegul jie reiškiasi. Žinoma, yra ribos, jei žmogus grasina žudyti, ragina smurtauti, tada jau ribos peržengtos.

– Bet kalbant apie pandemijos laikus, kas buvo tikrai girdima iš žmonių, kuriuos galėtume pavadinti tikinčiais sąmokslo teorijomis, tai buvo labai daug neapykantos kurstymo. Prisiminkime, buvo žmonių, kurie fiziškai grasino gydytojams, mokslininkams, kalbantiems apie pandemiją, filmavo ligonines, aiškino medikams, kad jūs nedirbate, nes jie žiūri į ligoninę pro langą ir ji tuščia. Prisiminkime, kad ir riaušės prie Seimo 2021 m. rugpjūtį buvo smarkiai įkvėptos sąmokslo teorijų pasaulėžiūros, ir pirmieji protestai prieš pandemijos valdymo priemones buvo persmelkti sąmokslo teorijomis, galiausiai, JAV įvyko Kapitolijaus rūmų šturmas. Vadinasi, sąmokslo teorijos perauga į smurtą?

– Be abejo, iš klaidingų sąmokslo teorijų gali išaugti smurtas, agresyvumas. Bet iš mokslo [taip pat]. Tarkime, buvo eugenika, mokslo sritis 20 a. pradžioje. Labai populiari JAV, Jungtinėje Karalystėje, Vokietijoje. Rezultatas – priverstinė čiabuvių sterilizacija. Baisus rezultatas, nors buvo toks pripažintas mokslas.

Tai gali pagimdyti mokslas, o ir religiniai karai – ne tik islamas, bet ir krikščionybė. Kiekvienu geru dalyku galima ir piktnaudžiauti <...> Mes, reformatai, esame įsitikinę – žmogus po nuopuolio iš prigimties nėra geras, jis labiau linkęs į blogį. O tada blogiui įgyvendinti tarnauja ir mokslas, ir religija, ir verslas.
– Žinau, kad jūs Lietuvoje gyvenate 30 metų, ir tikriausiai tiek laiko prie Seimo nebuvo susirinkęs toks žmonių skaičius, su tokiais ketinimais. Pamenu to meto protestus, žmonės į juos atvažiuodavo su dalgiais, neapykantos buvo labai daug.

– Užaugau Vokietijoje. Tos riaušės, vakariečio akimis žiūrint, – galima tik atsidusti, tai Prancūzijoje vyksta kasmet. Užaugau Vokietijoje 9 dešimtmetyje, ko ten tik nebuvo. Brandi demokratinė visuomenė su tuo gali kuo puikiausiai gyventi, nereikia nuogąstauti. Esu visiškai prieš smurtą, beveik pacifistas, esu už kuo mažiau prievartos. Savo pozicijos smurtu išreikšti negalima. Bažnyčios, bent jau Europoje, to išmokė <...>

Taip, jei piliečiai griebiasi smurto, tai dažniausiai yra blogai. Žinoma, kas kita yra, jei yra tironas, tačiau demokratinėje santvarkoje tai dažniausiai nėra galima. Jei kalbame apie pandemiją, manyčiau, kad valdžios prievartos buvo nemažai. Esu apie tai rašęs, su šeima mes boikotavome galimybių pasą. Mano manymu, tai bloga, neteisinga, paternalistinė priemonė, valstybė tokių teisių tikrai neturėjo <...> Tą pusmetį atimta galimybė dalyvauti viešajame gyvenime buvo tokia nepateisinamai griežta priemonė demokratinei visuomenei, kad pateisinimo tam nemačiau. Ačiū Dievui, kitaip nei Vokietijoje, bažnyčios buvo nuo to apsaugotos, mūsų durys buvo atidarytos. Vokietijoje [ribojimus] taikė net bažnyčios.

Sakyčiau, kad mano pasitikėjimas valstybe tada smuko į bedugnę, juolab kad priemones įgyvendino ir liberalios partijos. Man gaila, kad politinis liberalizmas Lietuvoje yra komos būsenos, taip elgtis su piliečiais negalima. Tokios valstybės kaip Švedija parodė, kad galima eiti ir kitokiu keliu. Plati diskusija, kodėl valdžia taip elgiasi.
– Kalbate apie pandemijos valdymą kaip prievartą, bet esu tikra, kad didelė dalis žmonių negalvojo, kad jiems liepiama, o ribojimų laikėsi dėl rūpesčio kitais žmonėmis, iš meilės.

– Be abejo, tokia motyvacija buvo, bet kalbu apie demokratijos pagrindus, liberalizmą. Mano vidinė motyvacija nėra valstybės reikalas. Einame prie to, kad valstybė plačiu mastu auklėja savo piliečius, kaip reikia gyventi, kaip gyventi sveikai, kaip maitintis. Tikras liberalas sakytų: tai ne valstybės reikalas, tau reikia žiūrėti, kad būtų apsauga nuo agresorių, kariuomenė, kad teisės sistema veiktų, kad veiktų nuosavybė ir sutarčių apsauga.

Galima sakyti, kad valstybei reikėjo saugoti gyvybes. Bet valstybės apsauga čia irgi ribota, ji gali apsaugoti nuo agresorių, bet nuo visų ligų ir pavojų? Ji to negali ir neturi, nes kitaip gyventume totalitarinėje santvarkoje: [visada] bus ir ligos, bus avarijos, kvailas ir pavojingas elgesys. Liberalu ir pilietiška būtų pandemijos metu gerai informuoti piliečius, koks tai virusas, kokia liga, kaip atitinkamai elgtis, o jūs po to apsispręskite, su kuo norite bendrauti, kokią riziką prisiimti. Tačiau tai nebuvo daroma: buvo socialinės distancijos, iš viršaus nustatyta, kaip tie kvaili piliečiai turi elgtis.

– Bet yra ir priešingai mąstančių, sakančių, kad valstybė turi pasirūpinti ir imtis kraštutinių priemonių. Ir dėl išteklių: trūko net lovų ligoninėse, kvėpavimo aparatų, tai sirgimas buvo nebe privatus, o viešas dalykas?

– Gal Lietuva nebuvo pasiruošusi. Visuomenė turi suvokti, kokios yra valstybės funkcijos, kur ribos, pagalbos eiliniam piliečiui buvo mažai. Į diskusiją nebuvo įtraukti kai kurie žmonės <...>
– Sąmokslo teorijos atveria kelią populizmui ir nepagrįstam gąsdinimui. Žinome ir tai, kad Rusijos Vyriausybei jos irgi palankios arba ji net stengiasi pasėti tokias abejonės valdžia nuotaikas Vakarų demokratijose. Sąmokslo teorijos yra palankios tam tikriems politikams.

– Bet ar tai stebina? Žinoma, jos panaudojamos. Tai kas? Tai blogas argumentas, juk vyksta ir atvirkščiai.

– Bet įsivaizduokime, žmogus patiki tuo populistu, kuris, tarkime, visiškai nėra medicininių kaukių specialistas, tačiau įtikinamai kalba, kad kaukės neva sukelia dusulį, kas yra paneigta mokslo. Galiausiai nuo to nukenčia gyventojas.

– Bet kas iš to seka? Kad jei prieštarauji vyraujančiam naratyvui dėl kaukių, tau nebeleidžiame pasisakyti, arba sakome, kad esi kvailas ir durnas. Lieka tik išsamios studijos, mokslas, tyrinėjimai ir plati diskusija <...> Vokietijoje ir Lietuvoje buvo daug bjaurių pavyzdžių, kad reikia mokėti baudas už kaukių nedėvėjimą, valdžia peržengė ribas labiau, o dabar nutylima, kad persistengta. Piliečiams reikia diskutuoti apie viską. Aš taip pat užsitarnavau antivakserio etiketę.

Ši sąvoka netinka demokratinėms visuomenėms, nes aš nesu nusistatęs prieš skiepus. Man jau nuo 2020 m. kilo įtarimas, kad ne viskas vyksta gerai <...> Jei sakoma, apie viską galima diskutuoti, tik apie skiepus ne – tai nedemokratiška, galima diskutuoti apie viską, o apie gyvybės ir mirties klausimus ypač. Bažnyčios ir religijos tarpusavyje kalba apie amžinybės klausimus, su žydais, musulmonais, kitais krikščionimis. Todėl apie medicinos priemonę, vaistus, negalime diskutuoti? Atsiprašau. Jei norima diskusiją užkardyti, tai gal tavo argumentai yra prasti? Geras argumentas neturi bijoti ir kontrargumentų, ir kvailų pasisakymų. Jei kvaila nuomonė, bus matoma, kad ji kvaila.
– Norėčiau paprieštarauti, nes akivaizdu, kad socialiniuose tinkluose ir klaidinantys, ir, kaip sakote, kvaili argumentai plinta labai greitai, ir kai bandome atsakyti į juos, būna jau per vėlu diskutuoti, nes informacija jau būna padariusi žalą.

– Bet kas nusprendžia, kad šita nuomonė yra pavojinga? Grįžtant prie parodos, joje buvo šaipomasi: cha cha, superblogiečių nėra, o kažkas teigia, kad Bilas Gatesas yra superblogietis. <...> Dėl B. Gateso aš neturiu tvirtos nuomonės, bet norėčiau, kad galėtume dėl to tvirtai diskutuoti <...> Į žmones su didele galia reikia žiūrėti skeptiškai, tai yra mūsų demokratijos kertinis akmuo, kad su nepasitikėjimu žiūrime į juos, jei jie versle ar politikoje. Mūsų rinkimai yra nepasitikėjimo išraiška, skeptiškai žiūrime į valdžioje esančius, ir jei nepateisino mūsų lūkesčių, po kelerių metų sakome: ne, balsuosiu už kitus.
– Tačiau ar tikėjimas sąmokslo teorijomis nėra prieštaraujantis tam pačiam liberalizmui? Iš liberalaus žmogaus būtų galima tikėtis, kad jis tikės savo jėgomis ir neieškos aplink kaltų dėl to, kas jam gyvenime nepatinka.

– Sakyčiau, kad tai klaidingas liberalizmo supratimas. Bijau, kad mūsų šalies liberalių partijų atstovai taip galvoja. Savo straipsnyje cituoju britų autorių krikščionį C. S. Lewisą, kuris rašo: tikiu demokratija dėl žmogaus nuodėmingumo. Kodėl liberalizmas gimė Vakarų pasaulyje, krikščionybės fone? Liberalizmo ištakos yra dvi, ir abi iš krikščionybės: individo orumas ir garbė. Kiekvienas žmogus yra sukurtas pagal Dievo paveikslą ir dėl to turi įgimtą orumą kaip individas, jo negalima savavališkai nužudyti, atimti turto. Iš to išplaukia žmogaus potencialas kurti, realizuoti planus ir ketinimus. Liberalas to nenori užkardyti.

Kartu krikščionys yra giliai įsitikinę, kad esame giliai puolę ir linkę į blogį, ir dėl to reikia žiūrėti, kad viena žmonių grupė savavališkai neužvaldytų kitos, arba diktuotų, kaip gyventi. Dėl to liberalai akcentuoja, kad jei vieni žmonės valdo kitus, tai tik įstatymo rėmuose, nes įstatymai nustato ribas, ką galiu daryti kito atžvilgiu. Nes kitaip atsiranda savavališkas elgesys, smurtas ir taip toliau.

Jei tai negalvotume, kad yra keli blogi žmonės, tada gali greitai atsirasti žmonių grupė, kuri nurodinėja visiems, kaip gyventi, nori juos išlaisvinti ir panašiai. Jei liberalai pamiršta žmogaus nuodėmingumą, ypač valstybėje, pamiršta, kad mes, valdantieji, irgi nesame tobuli, esame linkę piktnaudžiauti valdžia. Šitas supratimas apsaugo mus nuo per didelių ambicijų, per didelio paternalizmo, nurodinėjimo, kaip gyventi. Tai turėtų vesti prie didesnio nuolankumo: gal aš klystu, gal yra kitaip, gal problema esu aš, o ne kiti, gal kartais teisūs sąmokslo teoretikai? Tai ir tam tikras nuolankumas.
– Paminėjote paternalizmą, ir iš tiesų dažnai politikos apžvalgininkai pastebi, kad Lietuvos gyventojai ilgisi tvirtos rankos ir rinkimuose, renkant prezidentą. Jūs tą pastebite?

– Taip. Nesu Lietuvos pilietis, bet jau Lietuvos Konstitucija turi stiprų prezidentą, kuris turi visus išgelbėti, nors įgaliojimų vidaus politikoje daug neturi. Kodėl taip yra? Gal tai posovietinis fenomenas. Galbūt, kaip evangelikas protestantas, matyčiau tam tikrą, noriu tai formuoti atsargiai, katalikišką paveldą, nes kaip ir Lewisas rašo, matome, kad demokratija yra brandesnė anglosaksų, skandinavų šalyse, kur vyravo protestantizmas. Nenoriu sakyti, kad protestantizmas pagimdė demokratiją, bet ryšys gali būti, nes Katalikų bažnyčia labiau hierarchinė. Mūsų, reformatų, bažnyčios sistema jau turi vadovų kritiką, sinodą su išrinktais delegatais. Protestantiškos bažnyčios įkūnija nepasitikėjimą savo vadovais. Manoma, kad jei yra grupė vadovų, geriau, kad jie nepiktnaudžiautų savo galiomis.

– Iš tiesų pandemijos metu išsiskyrė Skandinavijos valstybės, nes ten nebuvo, tarkime, prievolės dėvėti kaukes, buvo tikimasi, kad piliečiai patys tai darys.

– Taip, Švedijos kelias man nuo pradžios buvo artimesnis. Žinoma, tai ne tik religija, bet ir visuomenė, nes, tarkime, Austrija yra protestantiška valstybė, o taisyklės buvo griežtos <...>
– Ar sutiktumėte, kad didelė problema, kalbant apie sąmokslo teorijas, yra tai, kad žmonės jomis tiki, tai yra, kalbame apie tikėjimą? Tai kitoks būdas suprasti pasaulį, nei, pavyzdžiui, žinojimas. Gal dėl to ir ginčijamės, nes to, kuo tiki, negali paneigti?

– (Šypsosi) Nėra aiškios ribos tarp tikėjimo ir žinojimo, mes tai skiriame dėl Imanuelio Kanto [minčių]. Moksle visada yra pasitikėjimas: pasitikime stebėjimais, retai, tik matematikoje ir logikoje, turime tvirtų įrodymų. Gamtos moksluose įrodymai yra tam tikra prasme laikini, pavyzdžiui, heliocentrizmas pasitvirtino per dešimtmečius, bet viskas lieka atvira kritikai. Visada lieka tikėjimo elementas. Tikėjimas dalyvauja moksle, kaip ir žinojimas dalyvauja religijoje. Mokslininkai tiki tam tikromis prielaidomis. Reguliarumas gamtoje, fizinių daiktų tikrumas yra tikėjimo objektas. Mes pasitikime, kad mokslininkai mūsų neapgauna, pasitikime institucijomis, jų pranešimais. Tikėjimas visur įpintas, klaidinga skirti, kad yra tikintys ir tie, kurie žino <...>
– Pasiteiravau parodos organizatorių, ką jie mano apie jūsų išsakytą kritiką. Pacituosiu kuratorę Mildą Kvizikevičiūtę: „Parodos vienas iš tikslų ir buvo skatinti diskusiją, ar ji mums būtų maloni ir palanki, ar ne, bet kalbantis gimsta tiesa.“

– Aišku, jie gali taip teigti. Problema yra ta, kad dabar visi taip kalba, bet tikrovėje diskusijų pandemijos metu nebuvo. Jūs eksponuojate Schellenbergerio knygą, o šalia – Greta Thunberg. Gera knyga – bloga knyga, sąmokslo teorija. Įsigilinkite į tą knygą, darykite namų darbus, diskutuokime, pakvieskite. Kodėl į parodos atidarymą nebuvo pakviesti žmonės iš „Sveikatos teisės instituto“? Jei norite diskutuoti, tai diskutuojame. Mes visada diskutuojame su saviškiais, ir gaunasi gana nuobodi diskusija.

– Norėčiau sureaguoti į pastabą dėl vadinamojo „Sveikatos teisės instituto“, kodėl pati kol kas nemačiau poreikio kalbinti šios organizacijos atstovų koronaviruso klausimais. Jų veikla nėra mokslas, gal greičiau politika.

– Jūs taip manote (šypsosi).

– Tai galima matyti tiesiog iš mokslinių straipsnių, kuriuos yra paskelbę, arba nepaskelbę, ten dalyvaujantys asmenys. Čia noriu grįžti prie pastebėjimo, kad pandemijos metu atsirado žmonių, kurie pasinaudojo ja savo asmeniniais tikslais.

– Tačiau būkime atviri, tai diskutuotinas dalykas. Viskas remiasi pasitikėjimu. Pažįstu kelis žmones iš „Sveikatos teisės instituto“, ne visus, ir pasitikėjimas gana aukštas <...> Jie yra mano tikėjimo broliai ir seserys, jauti, kad gali jais pasitikėti. Dėl to liūdna, kai aš, klasikinis liberalas, matau Aušrinę Armonaitę, Remigijų Šimašių <...>. Jie išdavė liberalizmo principus, tas baisusis valdžios paternalizmas. Tikras liberalas per pandemiją turėtų elgtis mažų mažiausiai kaip švedai,. Kad Laisvės partijos ministrė A. Armonaitė propagavo tą galimybių pasą, esu labai nusivylęs <...>. Kai apie tai rašiau, iš parapijiečių gavau kritikos.
– Iš tiesų, dėl mūsų aptartų klausimų susipyksta ir parapijiečiai, ir šeimos, ir kaimynai. Kaip dabar reikės susitaikyti?

– Esu giliai įsitikinęs, kad užkardyti, išnaikinti, uždaryti, užčiaupti nėra kelias. Turime kalbėti atvirai, negalima uždėti etiketės, kad su tavimi visai nekalbu. Aš esu pasiruošęs ir su ateistais, su musulmonais, su visais diskutuoti, to ir reikia. Nesakyti, kad jūs dirbate nemoksliškai, o mes moksliškai. Susitaikyti gali tik skirtingos [pusės], kitaip gali tik vienos pusės taikos diktatas. Mes, krikščionys, dabar einame link Kalėdų. Dievas su savo evangelija irgi neateina prievarta, bet siūlo, dovanoja. Mes kviečiame susitaikyti su Dievu, bet neiname su botagu, ne smurtu, ne tokiu keliu. Susitaikymui reikia laisvės, bet laisvė kartu reiškia ir laisvą diskusiją, laisvę klysti, turėti klaidingą nuomonę, nepagrįstą, nemokslišką. Tai turi tik raginti kitą pusę geriau argumentuoti, geriau paaiškinti, moksliškiau, protingiau, kad kita pusė būtų įtikinta.

***

LRT.lt pasiteiravo ir H. Lahayne`o sukritikuotų parodos rengėjų pozicijos. Viena kuratorių M. Kvizikevičiūtė atkreipė dėmesį, kad parodos pavadinimas yra „Tikėti ar netikėti: sąmokslo teorijos“. Anot jos, organizatoriai tikėjosi įvairių reakcijų, tačiau kol kas ekspozicija labai populiari, dažnai apsilanko moksleiviai, o lankytojus ypač domina ta parodos dalis, kurioje aiškinamos sąmokslo teorijos apie žydus ir kaip tai galiausiai tapo Holokausto pamatu.

„Parodos vienas iš tikslų ir buvo skatinti diskusiją, ar ji mums būtų maloni ir palanki, ar ne, bet kalbantis gimsta tiesa. Paroda yra labai ribota medija, kur galima atskleisti tik dalį temos, ir tikrai nebuvo siekio dalį informacijos paslėpti. Įvairiapusiškai žiūrint, parodoje visko papasakoti neįmanoma. Stengėmės kaip įmanoma plačiau apžvelgti spektrą, parodos tikslas buvo apžvelgti sąmokslo teorijas nuo viduramžių iki šių dienų“, – teigia ji.

Vienas iš parodos katalogo autorių, Vilniaus universiteto Komunikacijos fakulteto docentas Mantas Martišius atkreipia dėmesį, kad daug sąmokslo teorijų istorijoje tikrai nepasitvirtino, anot jo, parodoje nebuvo stengiamasi slėpti, kad kartais sąmokslo teorijos pasitvirtina.

„Komentaro autorius [H. Lahayne`as], man atrodo, nori pasakyti, kad yra mano tiesa, jūsų tiesa ir jos abi yra lygios. Dalinai su tuo galima sutikti <...> Ten nebuvo meluota, kad kai kada sąmokslo teorijos pasitvirtina, pavyzdžiui, kad JAV Vyriausybė slapta klausosi [pokalbių], kol Edwardas Snowdenas, pabėgęs į Maskvą, pasakė, kad taip ir yra.

Tačiau jei sakytume, kad galima nagrinėti bet kurią sąmokslo teoriją ir pateikti alternatyvas, skirtingus požiūrius – tada galima abejoti bet kuo ir bet kur, nes tokiu atveju dėl nieko nesutarsime, o nesutardami, kaip visuomenė, negalėsime judėti į priekį“, – pažymėjo M. Martišius.",litund,non->open
litund:lrt:LT_COV_12,non,open,"Viduržemio jūros regiono dieta gali sumažinti infekcijos COVID-19 riziką?
Per pastaruosius kelerius metus sveiką augalinį maistą, sveikus riebalus ir neskaldytus grūdus derinanti Viduržemio jūros regiono dieta tapo labai populiari. Tiesą sakant, Viduržemio jūros regiono dieta jau septynerius metus iš eilės „U.S. News & World Report“ kasmetinėje apklausoje pripažįstama geriausia dieta. Ankstesniais tyrimais nustatyta, kad laikantis Viduržemio jūros regiono dietos mažėja kraujospūdis, cholesterolio ir cukraus kiekis kraujyje, taip pat mažėja kai kurių ligų, įskaitant II tipo diabetą, nutukimą, širdies ir kraujagyslių ligas bei vėžį, rizika, rašo „Medical News Today“ (MNT).

Ankstesni tyrimai taip pat parodė, kad Viduržemio jūros regiono dieta gali būti siejama su mažesne virusų, pavyzdžiui, peršalimo ligų, rizika.

Neseniai Indonezijos Šiaurės Sumatros universiteto mokslininkai pranešė, kad besilaikantiems Viduržemio jūros regiono dietos gali sumažėti rizika susirgti ir liga COVID-19, kurią sukelia virusas SARS-CoV-2.

„Viduržemio jūros regiono dietos nauda žinoma jau seniai, ypač sergantiems lėtinėmis ligomis, tokiomis kaip širdies ir kraujagyslių ligos bei diabetas, – MNT sakė Indonezijos Šiaurės Sumatros universiteto Neurochirurgijos katedros darbuotojas ir vyriausiasis šio tyrimo autorius dr. Andre Marolopas Pangihutanas Siahaanas. – Tai susiję su imunomoduliacija ir priešuždegiminiu poveikiu, nes uždegimas yra vienas iš lemiamų COVID-19 veiksnių.“

Tyrimas neseniai buvo paskelbtas žurnale „PLoS ONE“.
Nuolatinis poreikis ieškoti būdų, kaip sumažinti COVID-19 riziką

Šio tyrimo metu dr. A. Siahaanas ir jo suburti mokslininkai išanalizavo duomenis iš šešių anksčiau atliktų stebėjimo tyrimų (kartu apimančių daugiau nei 55 000 dalyvių), kuriuose buvo nustatytas ryšys tarp Viduržemio jūros regiono dietos ir infekcijos COVID-19 tikimybės, simptomų ar sunkumo rizikos.

„Nepaisant visuotinio skiepijimo, pažangių vaistų ir prevencinių priemonių, visame pasaulyje vis dar registruojamos infekcijos COVID-19 bangos, – paklaustas, kodėl mokslininkams svarbu ir toliau ieškoti naujų būdų infekcijos COVID-19 rizikai sumažinti, sakė dr. A. Siahaanas. – Neseniai vykusiose olimpinėse žaidynėse daugiau nei 40 sportininkų sulaukė teigiamų viruso testų rezultatų, o tai tik dar kartą patvirtina nuolatinę grėsmę.“

„Be to, susirūpinimą kelia vis auganti pakartotinio užsikrėtimo ir net kelių pakartotinių užsikrėtimų įrodymų šūsnis, – tęsė jis. – Nors naujausias tyrimas rodo, kad pakartotinio užsikrėtimo sunkumas labiau koreliuoja su pirminiu užsikrėtimu, labai svarbu pabrėžti tolesnių tyrimų, padėsiančių geriau suprasti ilgalaikį poveikį, nes kol kas negalime jo laikyti nekenksmingu, svarbą.“
Viduržemio jūros regiono dieta gali sumažinti COVID-19 tikimybę

Visuose analizuotuose tyrimuose Viduržemio jūros regiono dietos laikymasis buvo vertinamas remiantis maisto produktų vartojimo dažnumo klausimynu.

Analizę atlikę mokslininkai teigė nustatę mažesnę riziką besilaikiusiems Viduržemio jūros regiono dietos, o tai rodo, kad šis mitybos planas gali padėti apsisaugoti nuo infekcijos COVID-19.

„Viduržemio jūros regiono dieta sumažina COVID-19 tikimybę, – teigė dr. A. Siahaanas. – Vis dėlto šiame kokybiškai atliktame tyrime nepavyko nustatyti tikslaus rizikos sumažėjimo masto.“

Tyrėjai taip pat pranešė, kad nėra aišku, ar Viduržemio jūros regiono dieta turėjo kokį nors teigiamą poveikį COVID-19 simptomams ir ligos sunkumui.

„Viduržemio jūros regiono dietos poveikis ligos simptomams ir sunkumui buvo nevienareikšmis, – sakė dr. A. Siahaanas. – Vis dėlto būtina nepamiršti, kad net ir nereikšmingas pokytis gali reikšti mažesnį poveikio mastą, todėl šiuos skaičius reikia ištirti didesnėje populiacijoje.“
„Mitybos ir imuniteto koreliacija yra labai glaudi ir sudėtinga, – tęsė jis. – Viduržemio jūros regiono dieta padeda apsisaugoti nuo COVID-19 dėl jos komponentų sinergetinio poveikio. Alyvuogių aliejuje gausu polifenolių ir nesočiųjų riebalų rūgščių, kurios pasižymi imunomoduliuojančiu ir priešuždegiminiu poveikiu. Viduržemio jūros regiono dietoje taip pat yra daug vitaminų ir mikroelementų. Be to, skaidulų vartojimas skatina žarnyno mikrobiotos eubiozę, kuri turi įtakos imuninei sistemai.“

Vien dieta negali paveikti COVID-19 eigos

Peržiūrėjusi šį tyrimą registruota dietologė ir įmonės „Nutrition-In-Sight“ savininkė Monique Richard MNT sakė, kad ši sisteminė apžvalga, kurioje analizuojami daugiausia stebėjimo tyrimai, patvirtino tai, ką ji ir jos kolegos pastebėjo praktikoje.

„Pasirodo, kad mitybos ir gyvenimo būdo kokybė yra atvirkščiai proporcinga infekcijos COVID-19 rizikai, trukmei ir (arba) sunkumui. Apskritai – atkreipiant dėmesį į žodį „apskritai“ ir siekiant pabrėžti, kad „ne visada“, – asmenys, kurie lengvai sirgo COVID-19 arba kuriems [nustatyta mažesnė] rizika užsikrėsti šia liga, laikėsi labiau priešuždegiminio mitybos modelio, kuriame daugiau vaisių, daržovių ir maistinių medžiagų turtingų augalų, paprastai būdingų Viduržemio jūros regiono dietai.“

„Svarbu pažymėti, kad vien tik mityba nelemia COVID-19 poveikio žmogui, – pridūrė ji. – Yra daugybė veiksnių, kurie turi įtakos, įskaitant esamą sveikatos būklę, genetinį polinkį, poveikio lygį, organų funkciją, amžių, medžiagų apykaitos funkciją ir aplinką.“
MNT taip pat kalbėjosi su medicinos mokslų daktaru, sertifikuotu šeimos medicinos gydytoju iš sveikatos centro „Providence Saint John`s“ Santa Monikoje, Kalifornijoje, Davidu Cutleriu, kuris teigė, kad svarbu prisiminti, jog koreliacija nėra tas pats, kas priežastinis ryšys.

„Net jei ir būtų sąsajų tarp mitybos ir COVID-19, jos nereikštų, kad yra koks nors priežasties ir pasekmės ryšys. Ir nors tai gali būti įdomu, tikrai nemanau, kad tai yra taip svarbu. Manau, dauguma žmonių sutiktų, jog Viduržemio jūros regiono dieta yra naudinga ir jos laikytis yra gerai, nepriklausomai nuo to, ar ji turi įtakos COVID-19 rizikai ir eigai, – teigė jis. – Man atrodo, kad mes jau žinome, kaip sumažinti šios ligos riziką. COVID-19 yra kvėpavimo takų infekcija. Nors mityba gali turėti tam tikros įtakos jos pasekmėms, svarbiausia yra užkirsti kelią susirgimui. Taip pat manau, kad turime pakankamai duomenų, rodančių, jog kvėpavimo takų apsaugos priemonių, tokių kaip tinkamai dėvimos kaukės N95, naudojimas padeda išvengti užsikrėtimo infekcija COVID-19.“

Sveika mityba gali sustiprinti imuninę apsaugą nuo virusų

Artėjant virusų sezonui, skaitytojams gali kilti klausimas, kaip sumažinti riziką užsikrėsti ne tik COVID-19, bet ir kitomis virusinėmis infekcijomis, pavyzdžiui, gripu.

Pirmiausia M. Richard siūlo apsilankyti pas registruotą dietologą, mitybos specialistą arba kitą kvalifikuotą, įgaliotą mitybos ekspertą ir išsiaiškinti savo unikalius poreikius.

Dietologė paaiškino, kad maisto produktai, kuriuose gausu vitaminų A, B (visų B grupės vitaminų: B1, B2, B5, B6, B9, B12), C, D, E, taip pat mineralinių medžiagų, tokių kaip cinkas, magnis ir selenas, yra tiesiogiai susiję su imunine sveikata.
„Daug šių maistinių medžiagų yra vaisiuose, daržovėse, neskaldytuose grūduose, baltymuose ir riebaluose, – dėstė ji. – Turėkite omenyje, kad maisto papildai, skirti kiekvienai iš šių maistinių medžiagų, nebūtinai turi tokį patį poveikį kaip maistas, o iš tikrųjų dažnai jų poveikis gali būti priešingas, ypač vartojant didelėmis dozėmis, nes sumažina kitų maistinių medžiagų koncentraciją organizme.“

„Pavyzdžiui, per didelis cinko kiekis gali sumažinti vario koncentraciją, – aiškino M. Richard. – Tikėtina, kad vartoti cinko papildų visai nebūtina, ypač jei jo pakankamai gaunate su maistu, tuo labiau nerekomenduojama jų vartoti ilgą laiką. Tai vienas iš daugelio praktikoje pastebimų perteklinio vartojimo atvejų, kurio pasekmės ne visada būna geros.“

Dietologė taip pat pasiūlė išsikelti sau šiuos paprastus klausimus, padėsiančius įsivertinti, ar mūsų mityboje pakanka imunitetą palaikančių maistinių medžiagų:

Kiek vaisių suvalgau per dieną?
Ar jie vartojami švieži, ar šaldyti, pavyzdžiui, citrusiniai vaisiai (apelsinai, greipfrutai, mandarinai), uogos, obuoliai ir kaulavaisiai (slyvos, persikai, abrikosai)?
Kiek porcijų šviežių ar šaldytų daržovių suvalgau per dieną?
Ar vartoju lapinių žalumynų, pavyzdžiui, špinatų, gražgarsčių, lapinių kopūstų ar ropių lapų?
Ar vartoju ryškiai oranžinės ir raudonos spalvos daržovių, pavyzdžiui, morkų, paprikų, pomidorų, saldžiųjų bulvių, ridikėlių, burokėlių ir pan.?
Iš kur gaunu baltymų? Iš pupelių? Šaldytos, šviežios ar konservuotos riebios žuvies, pavyzdžiui, lašišos, sardinių, silkės ar tilapijos?
Ar mano racione yra kokybiškų alyvuogių, avokadų arba riešutų ir sėklų riebalų šaltinių? Ar vartoju riebius pieno produktus? O gal daugiausia sočiųjų riebalų gaunu iš gyvulinės kilmės produktų, kurie vėliau apdorojami, kepami ir gruzdinami?
Ar maistui gaminti ir gardinti naudoju antioksidantų turinčius prieskonius ir žoleles, pavyzdžiui, imbierą, česnakus, svogūnus, ciberžolę, bazilikus, čiobrelius, rozmarinus, petražoles, kalendras ir pan.?",litund,non->open
scraped:rubaltic_lt:c13a0c9693a83191,hidden,open,"Migracinė krizė sukėlė Lietuvos valdžios reitingų griūtį

Migracinė krizė sukėlė Lietuvos valdančios konservatorių partijos ministrų ir deputatų reitingų griūtį . Apie tai liudija Vilmorus kompanijos atliktos sociologinės apklausos rezultatai. Daugiausiai elektorato neteko būtent tie politikai, kurie aktyviausiai kovojo su Lukašenkos „hibridine agresija“. Tarp kitko, jų oponentai taip pat negali pasigirti piliečių pasitikėjimo kreditu. Lietuvoje vyrauja totalinis nepasitikėjimas politine sistema, kaip tokia.

Paskutiniai dveji mėnesiai Lietuvoje praėjo kovojant su Lukašenkos „hibridine agresija“, tai yra su nekontroliuojamu nelegalių migrantų srautu iš Baltarusijos. Visos kitos temos liko šešėlyje ir iš karto tapo nereikšmingomis. Todėl drąsiai galima tvirtinti, jog, būtent migracinė krizė įtakojo eilinės Vilmorus sociologinės apklausos rezultatus.

Atrodė, jog elektoratiniu požiūriu valdantiems konservatoriams jis gali būti dargi naudingas. Sociologai jau seniai pastebėjo, jog aštrios krizinės situacijos neretai sąlygoja veikiančios valdžios pozicijų sustiprėjimą. Žmonės laikosi tos nuomonės, kad dabar ne pats geriausias laikas vidiniams konfliktams – reikia palaikyti tuos, kurie tiesiogiai dabar stovi prie valstybės vairo.

Taip, pavyzdžiui, po 2001 m. rugsėjo mėn. 11 d. terorizmo aktų Džordžo Bušo – jaunesniojo reitingas smarkiai šoktelėjo 35 procentais (unikalus atvejis JAV istorijoje). Kuo dar galima paaiškinti, jei ne instinktiniu išbaugintų amerikiečiu noru susiburti greta veikiančio lyderio?

Žinoma, migracinę krizę Lietuvoje negalima lyginti su rugsėjo mėn. 11 d. terorizmo aktais JAV – ne tas mastas. Bet Pabaltijo respublikai tai rimtas išbandymas. Tačiau tai neskatino valdančios partijos politikų populiarumo didėjimą.

Ministrę pirmininkę Ingridą Šimonytę teigiamai vertina 29,9% apklaustųjų (birželio mėnesį buvo 39,8%), vidaus reikalų ministrę Agnę Bilotaitę - - 22,1% (buvo 33,4%), užsienio reikalų ministrą Gabrielių Landsbergį - 19% (birželio mėnesį buvo 24,8%). Būtent ši trijulė visų aktyviausiai kovojo su Lukašenkos „hibridine agresija“.

Dar vienas įdomus momentas.

Taip, pavyzdžiui, Lietuvos Socialdemokratų partijos pirmininkė Vilija Blinkevičiūtė pasiliko su savais 49% teigiamų įvertinimų . Kauno meras Visvaldas Matijošaitis neteko tik 0,6%, o Seimo pirmininkė Viktorija Čmilytė-Nielson – maždaug 2,5% (tai jai nėra kritiška).

Akivaizdus dėsningumas.

Verta išskirti Lietuvos prezidentą Gitaną Nausėdą. Jis pasilieka lietuvių personalių simpatijų lyderiu – teigiamai jį įvertino 55% respondentų. Mažiau nei birželio mėnesį, bet pakankamai tam, kad optimistiškai žvelgti į ateitį ir tikėtis būti perrinktam.

Ar tai prasminga, jei pritarimo Nausėdai reitingas aukštesnis maždaug tris kartus? O po poros metų ši bedugnė gali dar pagilėti.

Tikriausiai, atsitolinimas nuo“landsbergistų“ kaip tik ir leidžia prezidentui išsaugoti teigiamą rinkėjų pasitikėjimo balansą. Jam naudinga nesusitapatinti su Šimonytės komanda, kuri, kaip kempinė, sugeria visą negatyvą.

Tarp kitko, veikiančios valdžios oponentams taip pat nėra kuo pasigirti.

Iš 24 politikų, kuriuos vertino respondentai, tik keturi turi teigiamą balansą. Pas visus ministrus – „minusas“, o vyriausybės vadove liaudis nepasitiki totališkai. Vilmorus vadovas Vladas Gaidys nepamena, kada iš viso taip buvo.

Partiniame reitinge į pirmąją vietą įsiveržė socialdemokratai, už kuriuos pasiruošę balsuoti 15,9% rinkėjų. Maždaug tiek pat - 15,6% teikia pirmenybę Lietuvos Valstiečių ir „žaliųjų“ sąjungai (LVŽS). Konservatoriai tik treti (13,1%).

Rezultatas dėsningas, jei atsižvelgti į tai, jog valdančioji partija akivaizdžiai nesugeba valdyti. LVŽS valdė visiškai neseniai (nuo 2016 iki 2020 metų) ir taip pat be didelių pasiekimų. Todėl lyderiais išrenkami socialdemokratai, kurie po praėjusių metų rinkimų į Seimą gavo tik 13 iš 141 vietų parlamente.

Atrodo, tai buvo, kadaise galingos politinės jėgos, „gulbės giesmė“ – jos galutinis perėjimas į Lietuvos politikos „antrąją lygą“, kurios nariai gali pretenduoti tik į koalicijos jaunesniųjų partnerių vaidmenį.

Verta prisiminti, jog 2016 metų perlamento rinkimuose „valstiečiai“ padarė tikrą elektoratinę revoliuciją. Iki to pas juos Seime buvo tik vienas deputatas – mažoritaras, o už valdžia tradiciškai kovojo konservatoriai ir socialdemokratai. Bet iškilo aiškus „naujų veidų“ paklausimas. Jį patenkino LVŽS. Ramūno Karbauskio komanda užsitikrino gyventojų simpatijas, kurie nenorėjo pasirinkimo tarp jiems vienodai įkyrėjusių partijų. Tų balsų pakako įtikimai pergalei rinkimuose.

Tikriausiai ir dabar Lietuvos visuomenėje išlieka paklausimas pokyčiams.

Kaip ne keista, ilgalaikėje perspektyvoje tai naudinga tiems patiems konservatoriams. Lietuvoje tik pas juos yra galingas elektoratinis branduolys. Jų fanatiški pasiekėjai į rikimus ateis bet kokiam orui esant ir, netgi nepagalvos atiduoti balsą kam kitam.

Didžiausia, kas gresia Landsbergio partijai – tai perėjimas į opoziciją, po kurios vėl bus sugrįžimas į valdžią. Taip buvo, taip yra ir taip bus.

Informacija

Citavimo sąlygos

Cituodami medžiagas būtinai nurodykite aktyvią mūsų portalo hipernuorodą. Hipernuoroda turi būti matoma, aktyvi, neuždaryta paieškų sistemomis nuo indeksavimo. Autoriai atsako už spausdinamose medžiagose pateiktų faktų teisingumą. Redakcijos nuomonė gali nesutapti su autoriaus nuomone. Už reklaminių publikacijų turinį atsako reklamos kūrėjas.",rubaltic_lt,hidden->open
scraped:rubaltic_lt:44ee5f9049248bf9,hidden,open,"Lietuva pati iš savęs atima naujausias Kinų technologijas

Lietuvos valstybės institucijoms verta atsisakyti naudotis kinų gamintojų Huawei ir Xiaomi išmaniaisiais įrenginiais. Apie tai pareiškė respublikos gynybos viceministras Margiris Abukevičius, remdamasis neseniai atliktais Nacionalinis kibernetinio saugumo centro (NKSC) tyrimų rezultatais. Draudimą naudotis kinų brendo produkcija tokiame ar šiokiame pavidale Lietuva bandys „pratempti“ ir per Europos Sąjungą.

„Buvo pasirinkti trys Kinijos gamintojai, kurie nuo praėjusių metų Lietuvos vartotojams siūlo įsigyti 5G mobiliuosius įrenginius ir kurie, tarptautinės bendruomenės buvo įvardinti, kaip keliantys tam tikras kibernetinio saugumo rizikas“, ,- sakė Margiris Abukevičius.

Kalbama apie Huawei, Xiaomi bei OnePlus. Suprantama, Lietuvos ekspertų tyrimu skaitmeninio saugumo sferoje objektu tapo išimtinai tik kinų įrenginiai. Turint noro, į „įtartinų“ gamintojų sąrašą NKSC galėtų įtraukti ir, pavyzdžiui, Apple. Neseniai pati kompanija paskelbė apie pažeidžiamumą, kuris leidžia kontroliuoti jos įrengimus, apeinant vartotojo veiksmus (ir telefonus, ir planšetes, ir kompiuterius su MacOs operacine sistema).

Tyrimu rezultatai buvo prognozuojami: NKSC išaiškino keturias „esmines kibernetinio saugumo rizikas“. Trys „rizikos“ – pas Xiaomi, viena – pas Huawei. Tik OnePlus produkcija, kuri nėra dominuojanti pasaulinėje išmaniųjų telefonų rinkoje, sėkmingai praėjo Lietuvos specialistų tikrinimą.

Pasirodo, Xiaomi Mi 10T 5G įrenginyje yra įdiegta techninė galimybė vykdyti į jį atsisiunčiamo turinio cenzūrą, kuri reaguoja į 449 raktažodžių sąrašą: Longing Taiwan Independence („Tegyvuoja Taivanio nepriklausomybė“), Voice of America („Amerikos balsas“), („Išlaisvinkite Tibetą“) ir kiti.

Nuostabus sutapimas: šį modulį Xiaomi įrenginyje aptiko, būtent tos šalies atstovai, kuri, palaikydamas Taivanį, sugadino santykius su Kinija. Kaip sakoma, kas ieško, tas visada suranda. Mūsų skaitytojai iš Lietuvos bei kitų ES šalių gali paimti savo Xiaomi išmaniuosius telefonus ir patikrinti NKSC išvadų patikimumą. Tada jie pamatys, jog kinų gamintojai jiems nedraudžia nei pritarti Taivanio nepriklausomybei, nei raginti išlaisvinti Tibetą.

Reikalas tame, kad cenzūros mechanizmai Europos Sąjungos teritorijoje, esą išjungti. Bet Xiaomi bet kuriuo momentu gali jį įjungti.

Tas pats išmaniojo telefono modelis NKSC ekspertams atskleidė dar vieną šiurpę paslaptį: kiekvieną kartą, pajungus įrenginį į Xiaomi Cloud debesiją, įrenginys slapta nuo naudotojo siunčia į Xiaomi serverius užšifruotas SMS žinutes. Lietuviai kol kas nesugebėjo jų iššifruoti (dar keletą mėnesių galima dirbti biudžeto pinigų sąskaita).

Trečioji rizika slepiasi Xiaomi – Mi Browser naršyklėje. Jos pagalba Mi 10T, jei tikėti Lietuvos specialistams, duomenys apie įrengimą yra perduodami į serverius Kinijoje.

„Mūsų vertinimu tai yra tikrai perteklinė informacija apie vartotojo veiksmus. Riziką kelia ir faktas, jog ši gausi statistinė informacija šifruotu kanalu siunčiama ir saugoma „Xiaomi“ serveriuose trečiose šalyse, kur negalioja Bendrasis duomenų apsaugos reglamentas“.

Būtent kokia informacija? Apie tai NKSC kažkodėl tai nutyli.

Visų pirmą Margiris Abukevičius kreipėsi į savo kolegas – valdininkus: „Mes identifikavome virš 200 valstybės institucijų, kurios yra tokius telefonus įsigijusios. Iš viso – virš 4,5 tūkst. telefonų, tai, mūsų manymu, didina rizikas ir šias problemas reikia spręsti. (...) Mūsų raginimas – jau dabar pagalvoti apie tai, kad nebepirkti naujų kinų gamintojų telefonų. Ir trumpiausiu metu jų atsisakyti“ Tolimesnis karo su išmaniaisiais telefonais vektorius taip pat nustatytas. Abukevičius išreiškė viltį, jog Seimas pritars įstatymo projektui, draudžiančiam valstybės institucijom pirkti kibernetiniam saugumui rizikingą įrangą.

Jie tai dar nežino, kad bet kuriuo momentu Xiaomi gali uždrausti jiems pritarti Taivanio nepriklausomybei.

Lieka tik spėlioti, kodėl gigantiškos kinų korporacijos – vienos iš vedančiųjų pasaulio išmaniųjų telefonų gamintojos paslaptis atskleidė mažos Pabaltijo valstybės Gynybos ministerijos pareigūnai. Kas tie genijai? Kodėl iki šiol jie neskaito paskaitas Pentagone?

Visiškam vaizdo papildymui visgi verta atsižvelgti į sensacingo NKSC tyrimo kontekstą. Lietuva aktyviai veikė prieš Huawei kompaniją, kaltindama ją nesankcionuotų informacijos apie naudotojus rinkimu. „Tėvynės Sąjungos – Lietuvos krikščionių demokratų“ (TS-LKD) partijos deputatai siūlė paruošti rekomendacijas „atsakingoms institucijoms“ dėl išimtinai ES ir NATO šalyse paruoštų technologinių ryšio produktų naudojimo.

Jei mes įstatymiškai neapribosime, mūsų pirkimų sistema veiks įprastu režimu – mes ieškosime pačio pigiausio tiekėjo. Tačiau realybė tokia, jog ne patys patikimiausi tiekėjai visada siūlo pigiausią ir prieinamą įrangą“, - sakė Lietuvos Gynybos ministras Arvydas Anušauskas. Jam vadovaujant veikia tas pats Nacionalinis kibernetinio saugumo centras, kuris pasaulyje pirmas aptiko Xiaomi produkcijos “nesaugumą”.

Pagaliau, visai neseniai, garsiai pasisakė Lietuvos Seimo Užsienio reikalų komiteto vadovas Žygimantas Pavilionis.

Šiuo remiasi visa, prieš Kiniją nukreipta, Lietuvos politika: ne tik „pridergti“ Pekinui, bet ir paskui save patraukti visą likusį vakarų bloką.

Informacija

Citavimo sąlygos

Cituodami medžiagas būtinai nurodykite aktyvią mūsų portalo hipernuorodą. Hipernuoroda turi būti matoma, aktyvi, neuždaryta paieškų sistemomis nuo indeksavimo. Autoriai atsako už spausdinamose medžiagose pateiktų faktų teisingumą. Redakcijos nuomonė gali nesutapti su autoriaus nuomone. Už reklaminių publikacijų turinį atsako reklamos kūrėjas.",rubaltic_lt,hidden->open
litund:unreliable:UN_APL_03,hidden,open,"Mokslininkai: po 15 metų gali prasidėti mažasis ledynmetis

Panašu, kad mūsų planetos jau visai netrukus laukia mažasis ledynmetis. Naujausio tyrimo rezultatai byloja, kad nuo 2020 iki 2030 m. Saulės konvekcinių srautų bangos persidengs ir neutralizuos viena kitą, todėl pačios žvaigždės aktyvumas ketvirtąjį XXI a. dešimtmetį (nuo 2030-ųjų) gali sumažėti apie 60 proc.

Kitaip tariant, netrukus gali prasidėti vadinamasis Maunderio minimumas – ypač menko Saulės aktyvumo laikotarpis, kuris Žemėje vyravo 1646-1715 m. Jis dėl šaltų žiemų dar vadinamas mažuoju ledynmečiu. Naujausias Saulės aktyvumo ciklo modelis teikia nemalonias vienuolika metų trunkančio ciklo prognozes. Modelis numato tam tikras konvekcinių srautų bangas, kurias sukelia du Saulės sluoksniai – vienas yra prie pat žvaigždės paviršiaus, o kitas – giliau Saulėje. Pagal šį modelį, kurį Nacionaliniame astronomų suvažiavime Landidne (Velsas, JK) pristatė prof. Valentina Žarkova, nuo 2030-ųjų Saulės aktyvumas gali sumažėti apie 60 proc. Modelio autorė prognozuoja, kad 25-ojo ciklo metu, kurio pikas bus 2022 m., bangų aktyvumas stipriai sumenks. Todėl 26-ojo ciklo metu, kuris truks maždaug dešimtmetį (2030-2040 m.) dviejų minėtų Saulės sluoksnių procesai išsiderins, ir saulės aktyvumas smarkiai kris.",litund,hidden->open
litund:lrt:LT_COV_20,non,open,"Narbutas lieka išteisintas COVID-19 reagentų byloje
Buvęs Pagalbos onkologiniams ligoniams asociacijos (POLA) vadovas Šarūnas Narbutas lieka išteisintas dėl kaltinimų piktnaudžiavimu ir sukčiavimu, Lietuvai per pandemiją už 300 tūkst. eurų įsigyjant COVID-19 reagentus, – prokuratūra nepateikė skundo Lietuvos Aukščiausiajam Teismui (LAT) dėl šio asmens išteisinimo.

Šią savaitę šalys dar galėjo kreiptis į teismą su kasaciniais skundais.

„Skundo nerašėm, nes šioje byloje nėra teisinių ir faktinių pagrindų dėl netinkamo Baudžiamojo įstatymo pritaikymo ir esminių Baudžiamojo proceso pažeidimų. Apeliacinis teismas iš esmės išsprendė prokuroro apeliacinį skundą ir tinkamai pritaikė Baudžiamąjį įstatymą, esminių Baudžiamojo proceso kodekso pažeidimų nepadarė“, – Eltai sakė valstybės kaltintojas Š. Narbuto byloje prokuroras Gintaras Jasaitis.

Esant tokiai situacijai, Š. Narbutas lieka galutinai išteisintas šioje baudžiamojoje byloje, jam palankūs teismų verdiktai lieka galioti. Daugiau nei 303 tūkst. eurų Sveikatos apsaugos ministerijos šioje byloje pareikštas ieškinys lieka nepatenkintas.

„Kaltinamasis buvo išteisintas tiek pirmos, tiek apeliacinės instancijos, o ikiteisminio tyrimo metu pateiktą Sveikatos apsaugos ministerijos civilinį ieškinį dėl 303 360 eurų turtinės žalos atlyginimo teismas nusprendė palikti nenagrinėtą, teismui nusprendus, kad kaltinamasis nepadarė veikų, turinčių nusikaltimo ar baudžiamojo nusižengimo požymių. Atsižvelgiant į tai, kasaciniam skundui ministerija pagrindo neturi“, – rašoma Sveikatos apsaugos ministerijos atstovo Julijano Gališanskio atsakyme Eltai.
Š. Narbutas bylinėsis dėl per 20,3 tūkst. eurų priteisimo

Tuo metu Š. Narbutas bylinėsis toliau – jis pateikė kasacinį skundą LAT ir sieks, kad jam būtų priteisti pinigai, kuriuos jis išleido, samdydamas advokatą teismuose.

„Pateikiau kasacinį dėl bylinėjimosi išlaidų priteisimo, kadangi apeliacinės instancijos teismas, mano vertinimu, nepagrįstai atsisakė priteisti bylinėjimosi išlaidas, įskaitant ir tas, kurias priteisė pirmosios instancijos teismas“, – Eltai teigė Š. Narbutas.

Pasak jo, Apeliacinis teismas nepagrįstai nevertino pateiktų ir byloje esančių įrodymų dėl bylinėjimosi išlaidų ir nepagrįstai nepripažino, kad visos patirtos išlaidos buvo apmokėtos iš jam nuosavybės teise priklausančių lėšų.

Vilniaus apygardos teismas, 2023 m. gegužę išteisindamas Š. Narbutą, nusprendė jam priteisti 16 tūkst. 811 eurų proceso išlaidų, jas turėjo apmokėti valstybė.

Tačiau bylą pagal prokuroro skundą apeliacine tvarka šiemet išnagrinėjęs Lietuvos apeliacinis teismas nusprendė, kad proceso išlaidos išteisintajam negali būti priteistos.

Prokuroras G. Jasaitis nesutiko su pirmosios instancijos teismo sprendimu priteisti iš valstybės pinigus išteisintajam, motyvuodamas tuo, kad išteisintasis jokių išlaidų nepatyrė, nes už teisinę pagalbą buvo apmokėta lėšomis, surinktomis iš kitų žmonių per lėšų pritraukimo platformą. Per internetines sutelktinio finansavimo kampanijas Š. Narbutas surinko daugiau nei 70 tūkst. eurų.
Apeliacinis teismas išteisintajam buvo pasiūlęs pateikti papildomus duomenis apie tikslią turėtų procesinių išlaidų sumą, tačiau tokių duomenų Š. Narbutas nepateikė.

„Vadovaudamasi minėtu Europos Žmogaus Teisių Teismo sprendimu ir nustatytomis aplinkybėmis, teisėjų kolegija sprendžia, kad pirmosios instancijos teismui nebuvo pagrindo priteisti išteisintajam Š. Narbutui iš valstybės išlaidas, kurių jis realiai nepatyrė“, – paskelbė Lietuvos apeliacinis teismas.

Š. Narbutas Apeliacinio teismo prašė jam priteisti iš valstybės daugiau nei 3,5 tūkst. eurų – už advokato paslaugas nagrinėjant bylą šiame teisme. Tačiau trijų teisėjų kolegija padarė išvadą, kad tenkinti išteisintojo prašymą ir priteisti iš valstybės jo naudai apeliacinės instancijos teisme turėtas bylinėjimosi išlaidas pagrindo nėra, kadangi išteisintasis neneigė, kad šias išlaidas apmokėjo lėšomis, surinktomis per internetinio lėšų pritraukimo platformą, todėl faktiškai nurodytos išlaidos nebuvo patirtos.

„Pasielgęs priešingai, apeliacinės instancijos teismas nukryptų nuo aptartos Europos Žmogaus Teisių Teismo praktikos, toks sprendimas neatitiktų sąžiningumo ir teisingumo principų bei prilygtų nepagrįstam išteisintojo praturtėjimui, todėl šiuo atveju prašomos priteisti iš valstybės bylinėjimosi išlaidos nepriteistinos“, – rašoma teisėjų Lino Šiukštos, Aušros Bielskės ir Vitalijos Norkūnaitės nutartyje.

ELTA primena, kad dviejų instancijų teismai Š. Narbutą visiškai išteisino dėl piktnaudžiavimo ir sukčiavimo Lietuvai per pandemiją įsigyjant COVID-19 reagentus. Tuo metu Generalinė prokuratūra laikėsi pozicijos, kad išteisinimas yra visiškai nepagrįstas.
Prokuroras G. Jasaitis Apeliacinio teismo prašė žemesnės instancijos teismo nuosprendį panaikinti, Š. Narbutą pripažinti kaltu dėl dviejų nusikaltimų ir skirti jam 75 tūkst. eurų baudą bei priteisti per 303 tūkst. eurų Sveikatos apsaugos ministerijai.

Išteisinamąjį nuosprendį paskelbęs Vilniaus apygardos teismas pažymėjo, jog Š. Narbuto veikla, ieškant trūkstamų medicinos priemonių tiekėjų, gilinantis į jų siūlomų priemonių parametrus, siūlant šiuos tiekėjus ir jų turimas medicinos priemones Lietuvos kompetentingoms institucijoms, taip pat tarpininkaujant tarp tiekėjų ir institucijų įsigijimo procese, nekelia abejonių dėl tokios veiklos teisėtumo.

Teismas taip pat konstatavo, kad byloje neįrodyta, jog Š. Narbutas bylai aktualiu laikotarpiu buvo valstybės tarnautojui prilygintas asmuo, tai yra, buvo paskirtas Vyriausybės atstovu ar nešališku ekspertu.

Pasak Vilniaus apygardos teismo, byloje nėra duomenų, patvirtinančių kaltinime nurodytas aplinkybes, kad Š. Narbutas gavo Vyriausybės atstovų nurodymus dalyvauti derybose su Kinijos gamintojo „Sansure Biotech“ atstove Ispanijos įmone „PMS International“ dėl COVID-19 testų įsigijimo Lietuvos Vyriausybės vardu.

Apygardos teismas konstatavo, kad per derybas Š. Narbutas veikė kaip Ispanijos įmonės „PMS International“ atstovas pagal jų sudarytą komercinio atstovavimo sutartį. Joje Š. Narbutui buvo numatytas euro už vieną testą, parduotą Lietuvai, atlygis. Jį Ispanijos įmonė jau buvo įskaičiavusi į Lietuvai pasiūlytą kainą, jis buvo sumokėtas Š. Narbutui iš „PMS International“ priklausančių lėšų.
Be to, teismas nusprendė, kad byloje neįrodyta, jog be tarpininkavimo mokesčio COVID-19 testų kaina Lietuvai būtų buvusi mažesnė, Š. Narbutas įgijo „PMS International“ priklausančias lėšas, bet ne Lietuvos biudžeto lėšas.

Š. Narbutas kaltintas, kad 2020 metų kovą–liepą gavo tuometinės sveikatos viceministrės Kristinos Garuolienės ir tuometinio premjero patarėjo Luko Savicko žodinį nurodymą derėtis dėl COVID-19 reagentų įsigijimo Vyriausybės vardu.

Susitarus dėl 17 eurų kainos už vieną testo vienetą, į šią sumą įskaičiuotas ir minėtas 1 euro už testą tarpininkavimo atlygis Š. Narbutui.

Pagal EŽTT spredimą Lietuva išteisintajam sumokės daugiau nei 26 tūkst. eurų

Europos Žmogaus Teisių Teismas (EŽTT) yra nutaręs, kad buvęs POLA vadovas Š. Narbutas 2020 m. Specialiųjų tyrimų tarnybos buvo sulaikytas, pažeidžiant įstatymus, tai yra buvo pažeista asmens teisė į laisvę ir saugumą. Teismas kartu nusprendė, kad Š. Narbutui taikytas turto areštas buvo neproporcingas.

EŽTT taip pat nutarė, kad Lietuvos valdžios institucijos, pranešusios apie tyrimą dėl COVID-19 reagentų pirkimo, negalėjo atskleisti Š. Narbuto tapatybės.

Teismo sprendimu Lietuva Š. Narbutui turės sumokėti 768,94 euro turtinei žalai atlyginti, taip pat sumokėti 26 tūkst. eurų neturtinės žalos atlyginimui.",litund,non->open
litund:lrt:LT_COV_01,non,open,"COVID-19 reagentų pirkimo byloje baigta liudytojų apklausa

COVID-19 reagentų pirkimo baudžiamojoje byloje, kurioje buvęs Pagalbos onkologiniams ligoniams asociacijos (POLA) vadovas Šarūnas Narbutas kaltinamas sukčiavimu ir piktnaudžiavimu, baigta liudytojų apklausa.

Nusprendus nebeieškoti paskutinio neapklausto liudytojo, ketvirtadienį per posėdį teismas pradėjo skelbti bylos medžiagą.

Neapklaustas liko buvęs Ispanijos bendrovės „PMS International“ darbuotojas Laurentas Mendesas, tiesiogiai dalyvavęs derybose dėl testų įsigijimo. Su šia bendrove 2020 metų kovą Nacionalinės visuomenės sveikatos priežiūros laboratorija pasirašė dvi sutartis dėl reagentų pirkimo.

Teisėsaugos duomenimis, 2020 metų kovą–liepą Š. Narbutas, įtariama, veikdamas kaip Vyriausybės atstovas ir nešališkas ekspertas, gavo tuometinės sveikatos viceministrės Kristinos Garuolienės ir tuometinio premjero patarėjo Luko Savicko žodinį nurodymą derėtis dėl COVID-19 reagentų įsigijimo Vyriausybės vardu.

Bylos duomenimis, Š. Narbutas derėjosi su reikiamus testus tiekiančios užsienio įmonės pardavimų vadovu dėl šių testų įsigijimo kainos. Iš viso susiderėta dėl daugiau kaip 300 tūkst. COVID-19 reagentų įsigijimo.

Įtariama, kad susitarus dėl 17 eurų kainos už vieną testo vienetą, į šią sumą įskaičiuotas ir 1 euro už testą tarpininkavimo atlygis Š. Narbutui.

Tyrimo duomenimis, apie šią bendros testo kainos dalį bei vėliau sudarytą galimai fiktyvią komercinio atstovavimo sutartį bei gautą neteisėtą atlygį Š. Narbutas neinformavo tuometinės Sveikatos apsaugos viceministrės ir premjero patarėjo.

Per tyrimą nustatyta, kad šios, 2020 metų kovo 1 dieną sudarytos, sutarties pagrindu, kaip komisinis atlygis už suteiktas tarpininkavimo paslaugas, į Š. Narbuto asmeninę sąskaitą per du kartus pervesta daugiau nei 300 tūkst. eurų.

Prieš tai vykusiame teismo posėdyje nuotoliniu būdu buvo apklaustas bendrovės „PMS International“ vadovas. Barselonoje įsikūrusi bendrovė buvo oficiali reagentų gamintojų atstovė Europoje.

Tačiau šios įmonės buvusio darbuotojo L. Mendeso apklausti nepavyko – nežinoma jo gyvenamoji vieta, kontaktiniai duomenys.

Užsienietis buvo apklaustas du kartus

Per ikiteisminį tyrimą L. Mendesas su pareigūnais bendravo būdamas iš Ispanijos, per įmonės vadovo apklausą Vilniaus apygardos teisme neseniai paaiškėjo, kad šis asmuo įmonėje nedirba, o pateiktais naujais kontaktais jo pasiekti nepavyko.

„Teismas atsidūrė sudėtingoje situacijoje dėl liudytojo apklausos teisme“, – sakė teisėjas Valerijus Laušas.

Teisėjas nusprendė paskelbti šio liudytojo anksčiau duotus parodymus teismo posėdyje ir kol kas jo neieškoti.

Prokuroras Gintaras Jasaitis, tuo tarpu, manė, kad L. Mendesas teisme vis tik turėtų būti apklaustas. Jis siūlė dar pabandyti susisiekti su per tyrimą bendradarbiavusia Ispanijos prokurore ir jos pagalba nustatyti vyro buvimo vietą.

Š. Narbuto advokatas Raimundas Lideika siūlė daugiau liudytojo nebeieškoti ir greičiau baigti jo kliento bylą.

„Aš vis dėl to prašyčiau, kad teismas pradėtų vertinti vertybes, spėliojame, kur yra L. Mendesas – Ispanijoje, Šveicarijoje ar Kinijoje? Jei teismas pasiners į paieškas Europoje, Azijoje, kiek ji tęsis? Nežinoma valstybė, neįmanoma imtis paieškos. Į pamatuotai trumpą procesą turėtų būtų užtikrinta Š. Narbuto teisė“, – teisme sakė advokatas.

Š. Narbutas taip pat prašė greičiau baigti nagrinėti jo bylą, nes jam, jo lėšoms taikomi apribojimai, jis dėl to patiria nepatogumų ir nuostolių.

„Su daugybe žmonių negaliu bendrauti, eiti į įstaigas“, – skundėsi kaltinamasis.

Vasarį kaip liudytoja Vilniaus apygardos teisme buvo apklausta Monika Tarvydytė, kuri pasakojo apie aplinkybes, susijusias ir su L. Mendesu.

Rizikos investiciniame fonde Londone dirbusi, derybose dėl testų pirkimo dalyvavusi M. Tarvydytė tada teisme pasakojo, kad L. Mendesą nustebino Š. Narbuto prašytas tarpininkavimo mokestis, jis teiravosi, ar tai normalu.",litund,non->open
litund:lrt:LT_COV_07,non,open,"Lietuvoje daugėja sergančiųjų gripu ir COVID-19, ypač Vilniuje 
Nacionalinio visuomenės sveikatos centro (NVSC) duomenimis, Lietuvoje praėjusią savaitę bendras sergamumas gripu, ūminėmis viršutinių kvėpavimo takų infekcijomis (ŪVKTI) ir COVID-19 liga (koronaviruso infekcija) padidėjo, daugiausia į ligonines paguldyta COVID-19 sergančių asmenų, nuo šios ligos registruoti 5 mirties atvejai. 

NVSC duomenimis, Lietuvoje lapkričio 4–10 d. (45-ąją savaitę) bendras sergamumo gripu, ŪVKTI ir COVID-19 liga rodiklis buvo 1043,8 atvejo 100 tūkst. gyventojų, prieš savaitę jis buvo mažesnis – 878,1 atvejo 100 tūkst. gyventojų.

Mažiausias sergamumas – Telšių apskrityje, didžiausias – Vilniaus apskrityje. Epideminis sergamumo lygis nepasiektas nė vienoje savivaldybėje (neperžengta 1500 atvejų 100 tūkst. gyventojų riba).
Lyginant šių metų 45-os savaitės sergamumo duomenis su ankstesnės savaitės duomenimis, matyti, kad tiek gripo, tiek ŪVKTI ir COVID-19 liga atvejų padaugėjo.

Praėjusią savaitę Lietuvoje dėl gripo į ligonines pateko 2 asmenys, dėl COVID-19 ligos – 72 asmenys, iš jų 5 gydėsi intensyviosios terapijos skyriuose. Nuo gripo mirties atvejų nebuvo užregistruota, nuo COVID-19 ligos – 5 mirties atvejai. Visi asmenys – vyresni nei 79 metų amžiaus.

Europos ligų profilaktikos ir kontrolės centro (ECDC) 44-osios savaitės duomenimis, bendras sergamumas ŪVKTI išlieka panašus kaip ir pernai tuo pačiu metu. COVID-19 aktyvumas mažėja, tačiau ir toliau daugiausiai serga 65 metų ir vyresni žmonės. Sezoninio gripo aktyvumas ES / EEE šalyse išliko stabilus ir nedidelis. Kvėpavimo takų sincitinio viruso (RSV) aktyvumas taip pat išliko nedidelis, tačiau, atsižvelgiant į ankstesnius sezonus, šalys turėtų ruoštis RSV aktyvumo padidėjimui artimiausiomis savaitėmis.

Ragina suskubti pasiskiepyti

Patikimiausia apsauga nuo gripo ir COVID-19 ligos yra skiepai. Nuo abiejų ligų rekomenduojama pasiskiepyti vieno vizito pas gydytoją metu. Ypač reikėtų pasiskiepyti rizikos grupėms priklausantiems asmenims (COVID-19 ir gripo rizikos grupės yra tos pačios):

65 metų amžiaus ir vyresniems žmonėms;
sergantiems lėtinėmis ligomis (taip pat ir vaikams);
socialinės globos ir slaugos įstaigų gyventojams (taip pat ir vaikų globos įstaigose);
sveikatos priežiūros įstaigų darbuotojams;
nėščiosioms (bet kuriuo nėštumo laikotarpiu);
2–7 metų amžiaus vaikams.
Per šio sezono du mėnesius (rugsėjis–spalis) nuo gripo nemokamai pasiskiepijo 146 747 rizikos grupėms priklausantys asmenys (įskiepyta 66 proc. valstybės lėšomis įsigytų vakcinų).
Atsižvelgdami į skiepijimo statistiką ir praeito sezono (2023–2024 m.) sergamumo COVID-19 liga dinamiką, kuomet didžiausi sergamumo rodikliai buvo pasiekti 2023 m. gruodžio mėn., NVSC specialistai ragina aktyviau skiepytis nuo COVID-19, ypač rizikos grupėms priklausančius asmenis.

Kur užsiregistruoti skiepijimui?

Primenama, kad COVID-19 vakcinomis gyventojai gali skiepytis bet kurioje gydymo įstaigoje. Sezoninio gripo vakcina nemokamai skiepijami tik rizikos grupėms priklausantys asmenys ir tik toje gydymo įstaigoje, kurioje yra prisirašę.",litund,non->open
scraped:rubaltic_lt:677e17a029a4239c,hidden,open,"„Lietuvos elitą gąsdina mano alternatyva proamerikietiškam kursui“

Sekmadienį Lietuvoje praėjo antras Seimo rinkimų turas. Pagrindine nugalėtoja tapo palyginant nauja partija — Lietuvos valstiečių ir „žaliųjų“ sąjunga, iki šiol turėjusi Seime tik vieną atstovą. Didžiausia nesėkmė lydėjo socialdemokratus ir darbiečius. Balsavimo rezultatus RuBaltic.Ru aptarė su politiku ir politologu Algirdu Paleckiu.

– Pone Paleckis, ekspertai teigė, kad Naujoji Vilnia — proletariškas lenkiškai rusiškas rajonas, todėl kai kurie laikė Jus favoritu. VRK duomenimis, gyventojai daugiau balsų sumetė jaunai konservatorei Monikai Navickienei. Kuo tai paaiškintumėt?

– Sausio mėnesį pasikeitė apygardos ribos. Iš jos teritorijos iškrito Naujininkų rajonas, kurio gyventojų daugumą pagrindinai sudaro neturtingi įvairių tautybių žmonės. Vietoj šio buvo prijungtas Filaretų rajonas, kuris laikomas turtingu ir kurio gyventojų dauguma — lietuviai. Dar į apygardą buvo įtraukti Liepkalnio ir Markučių rajonai, kurie turi nemažai panašumų į Filaretų. Tokiu būdu apygarda ženkliai pasikeitė. Tai ir galėjo nulemti balsavimo rezultatus, nes skirtumas — 900 balsų. Už mane balsavo 6500, už oponentę — 7400 rinkėjų. Skirtumą ženkliai įtakojo naujieji rajonai. Iš kitos pusės — rinkėjų aktyvumas. Naujojoje Vilnioje jie visada mažiau aktyvūs, nei kituose rajonuose. Vargingai gyvenančių ten daugiau, jie nusivylę Lietuvos valdžios politika ir nededa vilčių į rinkimus. Todėl ir aktyvumas čia 7-8 proc. mažesnis, nei kitose Vilniaus vietovėse. Be to, prieš mane dirbo propaganda. Mane ne tik pastoviai juodino valstybės ir privatūs kanalai (juodino realiai: šmeižė esą aš esu labai turtingas), bet dar ir paskutinę priešrinkiminę savaitę išleido anoniminį laikraštį. Būtent Naujojoje Vilnioje.

– Prieš metus renkant Vilniaus merą apklausų metu ryškėjo Valdemaro Tomaševskio populiarumas, tačiau išrinktas buvo liberalas Remigijus Šimašius. Ar galima teigti, kad sociologai ir ekspertai neadekvačiai vertina rinkėjų nuotaikas?

– Dalis sociologų ir ekspertų tikrai nedraugauja su realybe. Pavyzdžiui, prieš pusmetį jie Naujojoje Vilnioje apklausė politologus. Šie prognozavo arba lenkų, arba Darbo partijos kandidato pergalę. Abu net į antrą turą nepateko.

– Prieš Jus buvo organizuota aktyvi propagandinė kampanija — vadino „koloradu“, Kremliaus agentu. Net populiarus LRT žurnalistas Edmundas Jakilaitis oficialiai agitavo už Navickienę. Kaip pakomentuotumėte tokį siautėjimą prieš Jus?

– Čia įžvelgiu keletą faktorių. Pirma, pasireiškia didesnės elito dalies nepakantumas kitaip mąstančių atžvilgiu. Jei tavo nuomonė skiriasi — patenki į priešų sąrašą. Elitas nepajėgus diskutuoti su realia, o ne su tariama alternatyva, kaip, pavyzdžiui, Darbo partija. Antras momentas — pasireiškia alternatyvos bijojimas. Už mane realiai balsuoja daug žmonių. Aš pasisakau už kitokią Lietuvos vystymosi kryptį — ne už liberalią proamerikietišką, o už centrinės valstybės, palaikančios draugiškus ryšius su visais kaimynais, vystymąsi. Tai ir yra elitą gąsdinanti reali alternatyva. Tokios alternatyvos nebuvo Seime kelių paskutinių kadencijų metu. Todėl ir ėmė siautėti.

– Vilniaus meras Šimašius gąsdino, kad Jūs galite įnešti į Seimą „Kremliaus propagandą“. Ar nemanote, kad kai kurios Jūsų pozicijos iš tikrųjų gali turėti prorusišką kvapą?

– Aš visada sakau: Amerika ne visada teisi, o Rusija ne visada klysta. O Lietuvoje manoma antraip: Amerika visada teisi, Rusija visada neteisi. Visada reikia matyti konkrečias situacijas. Jeigu kažkokiu klausimu mano pozicija sutampa su Rusijos, visiškai nereiškia, kad aš — Maskvos ruporas. Aš — prolietuviškas politikas ir Lietuvos patriotas. Tik mano patriotiškumas ir meilė Lietuvai skiriasi nuo dominuojančių Lietuvos elite — jie visa tai mato būtinai keliaklupsčiaujant prieš JAV, neigiant Rusiją ir plėtojant rusofobiją.

– Lietuvos žurnalistai pažymi, kad pergalę Jūs galėjote prarasti dėl pasisakymų apie 1991 metų įvykius prie Vilniaus televizijos bokšto ir dėl jų kilusių bylinėjimųsi teismuose. Ar nesigailite, kad kadaise įsivėlėte į istorines diskusijas minėtų įvykių tema?

– Mano žodžiai apie sausio 13 d. [1991 metų – RuBaltic.Ru pastaba] pastoviai pateikiami be interviu konteksto. Labai jau dažnai jie iškraipomi tikslu pateikti juos kaip pačios tendencijos fakto neigimą, norą pažeminti Lietuvą ir t.t. Iš tikrųjų nebuvo jokio noro pažeminti arba neigti tragediją — juk žuvo žmonės. Buvo vien tik noras išsiaiškinti kai kuriuos vis dar atsakymų neturinčius klausimus. Tačiau oponentai įsikibo į mano žodžius ir pastoviai stengiasi juos panaudoti. Ką gi, kol kas tai jiems pavyksta. Tačiau, kartoju, tai ne visai padoru.

– Kai kurie balsavę už Jūsų oponentę konservatorę savo pasirinkimą aiškino tuo, kad Navickienei bus lengviau dirbti, nes už jos nugaros — galinga partija. Jūs ėjote kaip nepartinis. Ar gali nepartinis, nepriklausomas deputatas dirbti sėkmingai, būti naudingi Seime?

– Seimą lydi įvairios darbo istorijos. Kai kurie didžiųjų partijų atstovai nieko nenuveikė apygardose, o mažų partijų atstovai arba nepriklausomi, priešingai, pasireiškė aktyviai. Teoriškai, taip, didelės partijos atstovai turi daugiau svertų. Tačiau viskas priklauso nuo konkretaus žmogaus, konkrečios asmenybės. Manau, jog ir nebūdamas deputatu aš nemažai nuveikiau savo apygardoje, atkreipdamas į ją komunalinių tarnybų ir kitų organizacijų dėmesį.

– Rinkimai tapo Lietuvos valstiečių ir „žaliųjų“ sąjungos triumfu. Jos lyderį Ramūną Karbauskį žymūs Lietuvos politologai taip pat likus savaitei iki rinkimų kaltino ryšiais su Rusija. Priminė, kad jis turėjo su Rusija biznį, Maskvoje gyvena ir dirba jo brolis ir panašiai. Kame slypi šios sąjungos sėkmė?

– Pastaruosius aštuonerius metus partija sėkmingai augo. Partija iš Karbauskio pusės sulaukė rimtos finansinės paramos, ji pasižymi rimta materialine baze. Sąjunga gerai organizavo kampaniją, neįsivėlė į jokius skandalus, sumaniai išnaudojo „naujos partijos“ fenomeną. Visų rinkimų Lietuvoje metu nauja partija sušluoja protestuojančių ir tų rinkėjų balsus, kurie nusivylė valdančiosiomis partijomis — šį kartą socialdemokratais. Be to, „valstiečiai“ įtraukė į savo gretas aukšto reitingo asmenybes — pavyzdžiui, naują Lietuvos politikos „žvaigždę“, buvusį policijos vadovą Saulių Skvernelį. Tokiu būdu lietuviškasis „naujos partijos“ fenomenas kartu su rimtu politiku Karbauskiu ir jo finansinėmis galimybėmis užsitikrino pergalę. Ir vis dėlto prognozuoju, kad artimiausiais metais ar kiek vėliau ši sąjunga gali skilti.

– Prezidentė Dalia Grybauskaitė jau pasakė, kodėl pralaimėjo socialdemokratai. Tai — masiškas nepasitenkinimas vyriausybės veikla. Ar galima su tuo sutikti?

– Socialdemokratų, Darbo partijos bei „Tvarkos ir teisingumo“ pralaimėjimas — nusivylimas valdančiąja dauguma. Vyriausybė nepateisino vilčių. Žmonės nepamiršo, kaip, įvedus eurą, šoktelėjo kainos. Buvo ir korupcijos skandalų. Labiausiai nuskambėjęs — Krašto apsaugos ministerijos pirkiniai [kariuomenei ženkliai padidintomis kainomis buvo įsigyti valgyklų reikmenys — RuBaltic.Ru pastaba]. Valdantieji įvėlė daug klaidų, menki buvo ryšiai su žmonėmis. Nesimatė ryškaus lyderio. Vyriausybė veikė prezidentės šešėlyje, neturėjo savo aiškios pozicijos. Žmonės pastebėjo prezidentės įtaką ir atitinkamai įvertino.

– Dabar svarstomas naujos koalicijos formavimo klausimas. Ko tikitės iš naujos Seimo sudėties?

– Koalicijoje, manau, bus Valstiečių ir „žaliųjų“ sąjunga. Tokie signalai jau yra, ir prezidentė apie tai kalba. Apie artimiausius žingsnius sunku kalbėti, nes kol kas vyksta derybos. Prognozuoti sunku, nes daug ginčų Seime gali sukelti nauji žmonės, o jų nemažai. Ko laukti iš konservatorių, mes jau žinome: griežtos ekonomijos priemonių ir antirusiškos politikos. Apie „valstiečius“ kalbėti sunku — partijoje dar vyks rimtos vidaus diskusijos. Valstiečiai ir „žalieji“ dar neturi nusistovėjusios ideologijos. Stebėti visa tai bus įdomu.

– Ar sugebės naujas Seimas ištaisyti senojo klaidas? Pavyzdžiui, priimti Darbo kodekso prezidentės pataisas, kurias blokavo socialdemokratai?

– Manau, sugebės. Juk žadėjo politikai. Priklausys nuo koalicijos partnerių. Jeigu jais bus konservatoriai, galimybės sumažės.

Informacija

Citavimo sąlygos

Cituodami medžiagas būtinai nurodykite aktyvią mūsų portalo hipernuorodą. Hipernuoroda turi būti matoma, aktyvi, neuždaryta paieškų sistemomis nuo indeksavimo. Autoriai atsako už spausdinamose medžiagose pateiktų faktų teisingumą. Redakcijos nuomonė gali nesutapti su autoriaus nuomone. Už reklaminių publikacijų turinį atsako reklamos kūrėjas.",rubaltic_lt,hidden->open
litund:unreliable:UN_APL_06,hidden,open,"Politikas teigia: klimato kaita smegenų plovimo afera

Praėjusių metų gegužę Morisas Niumenas, kuris savo laiku buvo Australijos premjero Eboro patarėju, pareiškė, kad klimato kaitos problemą JTO naudoja kaip išgalvotą grėsmę, kad išplėstų visų šalių kontrolę. Populiariame britų leidinyje The Telegraph Niumenas rašė: „Kalba eina ne apie faktus ir logiką. Kalba eina apie naują pasaulio tvarką, kurią kontroliuoja JTO. Tai laikoma paslaptyje, tačiau 95% visų klimatinių modelių, kurie, kaip mums aiškina, įrodo ryšį tarp išmetamų dujų ir katastrofiško masto atšilimo, pasirodė esantys klaidingi, tai įrodė du dešimtmečius trukę temperatūros pokyčių matavimai“. Niumenas teigia, kad aferoje dalyvauja ne tik JTO, bet ir Baltieji rūmai, kurie vaidina svarbų vaidmenį skleidžiant informaciją apie klimato kaitą: „Realus tikslas – politinės valdžios koncentravimas. Globalinis atšilimas – tai tik priemonė. Ekologinės katastrofos idėjos šalininkai užgrobė JTO ir yra labai dosniai finansuojami. Pas juos labai galingi sąjungininkai Baltuosiuose rūmuose“. Morisas Niumenas ne vienintelis, kuris nesutinka su visuotinai paplitusia klimato kaitos traktuote. Weather Channel įkūrėjas Džonas Koulmanas irgi viešai pareiškė, kad informacija apie klimato kaitą neretai iškraipoma ir paverčiama politiniu farsu. Per interviu kanalui CNN jis teigia: „Amerikos vyriausybė kasmet skiria 2,5 milijardo dolerių klimato tyrimams. Šitie pinigai atitenka tik tiems mokslininkams, kurių tyrimai palaiko hipotezę apie globalinį atšilimą. Tokiu būdu, jie nebeturi pasirinkimo. Arba gauni pinigų ir paremi vyriausybės poziciją, arba lieki be finansavimo. Dėl to 97% paskelbtų mokslinių darbų palaiko atšilimo teoriją. Kodėl? Todėl, kad už tai duoda pinigų. Viskas paprasta. Tačiau tai nereiškia, kad teisinga. Kalba eina ne apie tiesos ieškojimą, o apie paprastą pirkimo-pardavimo sandėrį. Taip sukasi pinigai“. Džonas Koulmanas taip pat pareiškė, kad egzistuoja peticija, kurią pasirašė 31 000 mokslininkų, įsitikinusių, kad informacija apie klimato kaitą yra absoliučiai nepatikima. Su šia peticija galima susipažinti internete.

Remiantis: http://versijos.lt/auksto-rango-politikas-apie-klimato-kaitos-afera/",litund,hidden->open
litund:lrt:LT_COV_27,non,open,"Susirgusieji kovidu per šventes sulaukė dar vieno iššūkio: vaistų nuo ligos tiesiog nebeliko
Vaistininkai ir gydytojai sako, kad po didžiųjų metų švenčių vaistų nuo kovido nebuvo įmanoma nusipirkti nė vienoje šalies vaistinėje. Sveikatos apsaugos ministerijos (SAM) teigimu, vaistų trūko išaugus sergamumui ir kai per šventes kilo logistikos problemų. Trečiadienį tiekimas atnaujintas.

Antakalnio poliklinikoje kaip ir kiekvieną žiemą – ne tik daugiau sergančiųjų gripu, bet ir kovidu. Šeimos gydytoja sako, kad pastarosiomis savaitėmis teko sukti galvą, kaip gydyti koronavirusu užsikrėtusius gyventojus, sergančius lėtinėmis ligomis, nes vaistų nuo kovido, buvo galima rasti ne visur.
„Jie skambina į registratūrą ir sako, kad gydytoja parašė vaistą ir negavau, tai tada stengiamės kažkaip jiems padėti“, – pasakoja Antakalnio poliklinikos šeimos gydytoja Gabrielė Lukšienė.

Šeimos gydytojos teigimu, šiam vaistui alternatyvų nėra, todėl teko kreiptis į kitų miestų vaistines.
„Stengėmės sužinoti, kokiuose dar miestuose liko ir ne kiekvieno paciento artimieji galbūt galėjo nuvažiuoti į kitą miestą, tai pačių vaistinių prašėme, kad tarkime, rezervuotų tą vaistą“, – sako G. Lukšienė.

Apie švenčių metu atsiradusią problemą antrino ir vaistininkė.

„Keletą savaičių neturėjome galimybės patenkinti poreikių visų ligonių, kuriems reikalingas vaistas. <...> Dar buvo tokia galimybė iš pradžių, kad kitose savivaldybėse vaistų turėjo. Tai tie, kas galėjo, nusipirko kitur, ne miesto zonoje“, – teigia vaistininkė Jovita Aleknienė.

Pasak SAM, vaistų trūko ne tik kai padaugėjo užsikrėtusiųjų, bet ir tada, kai kilo logistikos problemų.
„Žmonės pradėjo daugiau sirgti ir šiek tiek sustojo logistika. Kadangi <...> logistikos sausumos keliu vaistas turėjo pasiekti Lietuvą galbūt prieš šventes, tačiau mes sulaukėme tarpušvenčio“, – aiškina SAM Farmacijos politikos departamento direktorė Anželika Oraitė.

Ministerija gyventojus ramina ir sako, kad trečiadienį pristatytas vaistų papildymas.

„Trečiadienį vaistinėms turėtų būti padalinta šiek tiek daugiau nei 3 600 pakuočių. <...> O tuomet sausio mėnesį ateis dar viena siunta. Tai iš viso buvo skaičiuota, kad Lietuvą pasieks 5 520 pakuočių“, – priduria A. Oraitė.

Vaistinių asociacijos pirmininkė sako negalinti prognozuoti, ar tokios siuntos užteks, nes situacija priklausys nuo sergamumo kovidu. Pasak asociacijos pirmininkės, vaistinės taip pat laukia sistemos pokyčių. Esą paslaugų, reikalingų valstybei, daugėja, tačiau už jas nėra mokama.
„Suprantam, kad pačioje pradžioje, kai buvo ir kovidas, ir neturėjome laiko pasirengti, kad tikrai vaistinės galėjo taip ryžtis ir prisidėti. Bet kokiu atveju, turime ir darbuotojus, ir nuomą. Tai visos šios paslaugos turi būti padengiamos“, – įsitikinusi Vaistinių asociacijos pirmininkė Kristina Nemaniūtė-Gagė.

Vaistininkai ir medikai atkreipia dėmesį – vaistus nuo kovido gali vartoti ne visi gyventojai. Pavyzdžiui, pacientui, susiduriančiam su tam tikromis alergijomis, šių vaistų gerti negalima. Juos privalo skirti šeimos gydytojas.",litund,non->open
litund:lrt:LT_COV_17,non,open,"Žinia būsimiems europarlamentarams: teks spręsti po COVID-19 pandemijos likusius iššūkius
Šią savaitę visoje Europoje, taip pat ir Lietuvoje, vykstantys Europos Parlamento rinkimai atkreipia dėmesį į iššūkius, kurie laukia naujai išrinktų parlamentarų. Ekspertai neabejoja, kad pagrindinėje darbotvarkėje ir toliau svarbiausiais išliks saugumo klausimai, tačiau pasak Vaistų gamintojų asociacijos (VGA), milijonai bendrijos gyventojų laukia svarbių pokyčių sveikatos apsaugos sistemoje, rašoma VGA pranešime žiniasklaidai. 

„Po COVID-19 pandemijos, Europos Sąjungos (ES) sveikatos politika pastebimai pasistūmėjo į priekį. Tačiau reikalingo gydymo, vaistų, medikamentų prieinamumo ir įperkamumo užtikrinimas – vis dar tik siekiamybė. Pasitelkus abipusį dialogą ir bendradarbiavimą, įmanoma ne tik pagerinti gyventojų sveikatos būklę, bet ir sumažinti sveikatos sistemų skirtumus visoje ES. To ypač tikimės iš naujos kadencijos Europos Parlamento, to laukia ir jų rinkėjai – pacientai“, – sako VGA direktorė Genutė Voverienė.

Politikų programose pasigenda dėmesio sveikatos apsaugai

Nors sveikatos apsauga – itin aktuali tema senėjančiai Europos visuomenei, politinėse programose jai skiriamas bene mažiausias dėmesys. Vos viena kita Lietuvos politinė partija, kandidatuojanti į Europos Parlamentą, savo rinkimų programose įvardija siekį transformuoti ir stiprinti dabartinę ES sveikatos apsaugos sistemą.
„Turime suprasti, kad be tinkamos sveikatos apsaugos, be tikslingos ir realios sveikatos politikos tiesiog negalėsime įgyvendinti ekonominių, socialinių ir kitų sričių būtinų reformų. Ilgėjanti gyvenimo trukmė ir jos nulemti pokyčiai sveikatos sistemai – svarbus iššūkis, kuris turi būti tinkamai atlieptas“, – teigia VGA vadovė.

Skelbia manifestą

Siekiant dar labiau atkreipti ES politikų dėmesį į regioną apraizgiusias sveikatos sistemos problemas, beveik 100 farmacijos bendrovių ir kitų organizacijų vienijanti asociacija „Medicines for Europe“ paskelbė manifestą – sveikatos politikos Europoje ateities viziją. Ji grindžiama politiniais veiksmais, orientuotais į keturis pagrindinius tikslus: nepalikti nė vieno paciento nuošalyje; sukurti modernų, 21 a. atitinkantį reguliavimo tinklą; užtikrinti Europos vaistų gamybos saugumą; įgalinti pažangą sveikatos priežiūros srityje.

Komentuodama asociacijos „Medicines for Europe“ rinkimų manifesto pristatymą, asociacijos prezidentė Elisabeth Stampa sako: „Europos Parlamento rinkimai vyksta kritiniu sveikatos politikai metu. Nuo 2019 m. rinkimų pasaulis visiškai pasikeitė: išgyvenome pasaulinę pandemiją, o dabar esame karo Rytų Europoje liudininkai.
Generinių vaistų pramonė susitelkė ir pasiekė rezultatų sunkiausiais laikais, tačiau jai reikia nuoseklios politikos, kad išlaikytų savo indėlį į visuomenės sveikatą, užtikrinant prieigą, įperkamas inovacijas ir vaistų tiekimo saugumą. Tik kartu užtikrinsime geriausią įmanomą vaistų prieinamumą ir sveikatos lygybę Europos (sveikatos) Sąjungoje.“

Asociacija „Medicines for Europe“ siekia paskatinti Europos politikus reformuoti ES farmacijos įstatymus, kad būtų užtikrintos vienodos galimybės gauti vaistus, skatinant konkurenciją laiku ir tvarų generinių, biologiškai panašių ir pridėtinės vertės vaistų įsisavinimą.

Didesnis prieinamumas – daugiau galimybių pacientams

Anot VGA vadovės, teisinis reguliavimas daro didelę įtaką ne tik konkrečios valstybės patrauklumui vaistų tiekėjų atžvilgiu, bet ir tos valstybės gyventojų sveikatai. Jos teigimu, vieningas, pacientams palankus vaistų rinkos reguliavimas svariai prisidėtų prie Lietuvos patrauklumo didinimo ir šalies gyventojų sveikatos būklės gerinimo.
„Teisinis reguliavimas ir vaistų kompensavimo tvarka daro didelę įtaką Lietuvos kaip rinkos patrauklumui, o tai lemia mažėjantį tiekėjų skaičių. Dėl to pacientai netenka galimybės įsigyti gana plataus sąrašo tiek receptinių, tiek nereceptinių medikamentų ir tai gali atsiliepti jų sveikatai. Valstybė taip pat nepagrįstai praranda galimybę sutaupyti, o sutaupytas lėšas nukreipti į sritis, stokojančias finansavimo“, – teigia G. Voverienė.

Dėmesį į šią problemą yra atkreipusi ir Valstybės kontrolė, dar pernai žiemą pateikusi vaistų prieinamumo Lietuvos gyventojams auditą.

Valstybės kontrolės vertinimu, vaistų įtraukimas į kompensavimo sistemą nėra operatyvus, o esant vaistų tiekimo sutrikimams, neužtikrinamos pakankamos galimybės juos pakeisti kitais. Taip pat nurodoma, kad nepatenkinamas poreikis kompensuoti naujus ar labai retoms ligoms gydyti skirtus vaistus.",litund,non->open
litund:unreliable:UN_APL_08,hidden,open,"2 iš 10 karvių, kurioms buvo sušvirkšta mRNA preparatų, miršta iš karto

Australijos pieno gamintojai verčiami galvijams švirkšti pavojingas mRNA vakcinas, kurių sudėtyje yra spyglių baltymų, kad tik galėtų tęsti veiklą. Kaip ir žmonėms, daugeliui gyvulių šios injekcijos sukelia sunkias reakcijas ir didelė dalis jų miršta iš karto.
Remiantis pranešimais, 35 iš 200 karvių, suleidus joms toksiškos vakcinos, patyrė ""staigią mirtį"".
Uncanceled.news praneša: Analitikai mano, kad privalomas karvių skiepijimas yra tiesioginis išpuolis prieš maisto tiekimą. Daugelis jų klausia, ar piene ir kituose šalutiniuose produktuose nebus smailiojo baltymo, kuris iš tikrųjų pakenkė gyvuliams.
""Pieninių gyvulių bandos DNR yra pakitusi. Pienas yra pakeistas, o jūs jį vartojate. Sviesto sudėtis, jogurtas, sūris ir mėsa yra pakeisti. Ar vištiena ir kita mėsa bus kita?"" Principia Scientific International (PSI), Jungtinėje Karalystėje teisiškai įregistruota bendrovė, įsteigta labdaros tikslais, teigė savo interneto svetainėje paskelbtame pareiškime.
Įmonės teigimu, visi turėtų būti atsargūs vartodami pieno produktus, taip pat jautienos produktus, pavyzdžiui, mėsainius. PSI taip pat siūlė patiems auginti savo maistą ir kurti privačias, neženklintas ir niekada neskiepytas bandas.
""Laikas įsteigti bendruomenės ūkių asociaciją, kurios nariai būtų ūkininkai, nepriklausantys sistemai, turintys bandas arba gyvulius, kurie nėra skiepijami ar ženklinami, kad privačių žmonių bendruomenė galėtų būti ekologiškai užaugintų gyvulių vartotojais"", - pridūrė ji.
Privalomos COVID-19 mRNA injekcijos gyvūnams nėra moksliškai pagrįstos
Naujasis Pietų Velsas (NSW) buvo pirmasis, kuriame galvijų bandoms buvo įšvirkšta mRNA. Naujojo Pietų Velso vyriausybė motyvuoja, kad gyvuliai skiepijami siekiant juos apsaugoti ne tik nuo Wuhan koronaviruso (COVID-19), bet ir nuo snukio ir nagų ligos (Snukio ir nagų ligos) bei gūžių/gumbų ligos.
Kaip teigia vicepremjeras ir Naujojo Pietų Velso regioninio departamento ministras Polas Tulas (Paul Toole), šis žingsnis yra svarbus etapas siekiant užtikrinti vakcinų technologiją, kuri apsaugos 28,7 mlrd. dolerių vertės Australijos gyvulininkystės pramonę.
""Naujojo Pietų Velso nacionalinė vyriausybė itin rimtai vertina snukio ir nagų ligos grėsmę, o šis žingsnis yra dar vienas žingsnis į priekį rengiantis galimam ligos protrūkiui"", - sakė P. Toole'as. Jis pridūrė, kad jau parašė laišką vakcinos gamintojui, kad šis priimtų jo iššūkį iki kitų metų rugpjūčio 1 d. sukurti vakcinas, paruoštas naudoti ir gaminti NSW.
Kitaip tariant, pastaruoju metu vykdomoje mRNA vakcinacijos galvijų bandose akcijoje nėra jokio mokslo.
""COVID-19 mums parodė, kad kuriant vakcinas turi būti ištirtos visos įmanomos galimybės, ir mes nepaliksime akmens ant akmens"", - sakė Tūlas, turėdamas omenyje, kaip buvo paspartintas vakcinos įgaliojimų patvirtinimas.
Žemės ūkio ministras Dugaldas Saundersas (Dugald Saunders) teigė, kad JAV biotechnologijų bendrovei ""Tiba Biotech"" buvo suteiktos laisvos rankos gaminti kuo daugiau mRNA injekcijų, kad neva būtų apsaugota daugiamilijardinė Australijos gyvulininkystės pramonė. Jis sakė, kad labai svarbu kuo greičiau sukurti mRNA vakcinas nuo snukio ir nagų ligos.
Žiūrėkite toliau pateiktą vaizdo įrašą, kuriame daktarė Jane Ruby atskleidė sociopatus, besiruošiančius galvijams ir gyvūnams suleisti mRNA vakcinas.

Šis vaizdo įrašas yra iš ""High Hopes"" kanalo svetainėje Brighteon.com.",litund,hidden->open
litund:lrt:LT_COV_28,non,open,"Gyventojai baigia iššluoti vaistus nuo COVID-19: ministerija ramina – papildymo galima tikėtis jau kitą savaitę
Lietuvoje ir toliau nerimstant COVID-19 atvejams, kyla diskusijos, kodėl vieniems sergantiesiems gydytojai skiria vaistus nuo šios ligos, o kitiems – ne. Dalis žmonių taip pat sako, kad šių vaistų neranda vaistinėse. Kaip paaiškina LRT RADIJO kalbintos specialistės, vaistai nuo koronaviruso gyventojams išrašomi tik įvertinus tam tikras rizikas, o nauja jų partija šalį turėtų pasiekti jau visai netrukus.
 
Pasak Sveikatos apsaugos ministerijos (SAM) Farmacijos politikos departamento direktorės Anželikos Oraitės, ar vaistą nuo COVID-19 pacientui skirti, ar ne, nusprendžia gydytojas. Jis įvertina, kokį pavojų žmogaus sveikatai gali sukelti virusas, ar jo gydymas nesikirstų su kitais vartojamais vaistais.

„Svarbu tai, jog vaistas gali būti skiriamas tik suaugusiems asmenims, (...) kuriems nereikia deguonies, kuriems kyla didesnė rizika, kad COVID-19 forma išsivystys sunkesnė.

Be to, pasižiūrima, kokius vaistus [vartoja] arba kokiomis ligomis pacientas jau iki šiol serga, nes yra ilgas sąrašas veikliųjų medžiagų ir ligų, kurioms esant šis vaistas negali būti skirtas“, – teigia SAM atstovė.
Kaip pažymi A. Oraitė, iš gydytojo gavę receptą šiems vaistams, žmonės vaistinėse jį įsigyti gali nemokamai.

„Šie vaistai yra receptiniai, ir išlaidos už juos kompensuojamos Privalomojo sveikatos draudimo fondo biudžeto lėšomis. Gyventojai, kuriems šie vaistai yra paskirti, vaistinėse juos gali atsiimti nemokamai“, – patikina specialistė.

Visgi dalis žmonių, net ir turėdami receptą, iš vaistinių grįžta tuščiomis rankomis, mat šio medikamento tiesiog neranda. Kaip aiškina Lietuvos vaistinių asociacijos pirmininkė Kristina Nemaniūtė-Gagė, iki šiol įsigytos 13 tūkst. pakuočių jau eina į pabaigą, susidomėjimas šiais vaistais pasirodė daug didesnis, nei planuota.

„Iš tiesų poreikis yra nemažas, ir mes matome, kad suplanuotas kelių mėnesių vaistų kiekis iš tikrųjų vaistinėse buvo išduotas per tris savaites. Vadinasi, ir gydytojai išrašo, ir žmonės nori šių vaistų“, – pabrėžia LRT RADIJO pašnekovė.
Specialistė atkreipia dėmesį, jog šiuos medikamentus apskritai siūlo tik vienas vaistinių tinklas – „Eurovaistinė“, dėl ko galimybės juos surasti dar sumažėja.

„Reikia suprasti, kad šių vaistų kelias į vaistines yra truputėlį kitoks, negu kalbant apie bet kokius kitus vaistus. Tai yra valstybės lėšomis įsigyti vaistai, tiesiog išduodami per vaistines. Lietuvos vaistinių asociacijos narys „Eurovaistinė“ sutiko pagelbėti Sveikatos apsaugos ministerijai. Yra 101 vaistinė, kuriose šie vaistai yra.

(...) Natūralu, kad kai yra ribotas vaistų kiekis, gali būti, kad tam tikrame mieste, tam tikru laiku, jeigu ten daugiau žmonių atvyko, to vaisto pritrūko. (...) Bet vaistinės tarpusavyje bendradarbiauja, ir jeigu vienoje vaistinėje [yra] didesnis likutis, dalis vaistų pervežama į kitą vaistinę“, – dėsto K. Nemaniūtė-Gagė.

Vaistinių, kuriose galima įsigyti vaistų nuo COVID-19, sąrašą rasite čia.

Pašnekovė sako gavusi žinią, jog artimiausiu metu vaistinės sulauks vaistų nuo koronaviruso papildymo. Šią informaciją patvirtina SAM Farmacijos politikos departamento direktorė. Jos teigimu, papildomi 5,5 tūkst. vaisto pakuočių – jau pakeliui į Lietuvą.
„Artimiausiu metu bus atvežtas šio vaisto papildymas. (...) Arba šių metų pabaigoje, arba jau kitų metų pradžioje vaistą turėsime ir vėl“, – sako A. Oraitė.

Paklausta, kodėl šie vaistai platinami tik per vieną vaistinių tinklą, SAM atstovė paaiškina, jog „Eurovaistinė“ buvo vienintelis rinkos žaidėjas, atsiliepęs į ministerijos prašymą.

„Sveikatos apsaugos ministerija, prieš įsigydyma vaistą, padarė apklausą, kreipėsi į Lietuvos didmeninio platinimo įmones, į Lietuvos vaistines su prašymu ir kvietimu prisidėti prie vaisto dalijimo per vaistines. (...) „Eurovaistinė“ buvo vieninteliai, kurie sutiko“, – kalba O. Oraitė.

Lietuvos vaistinių asociacijos pirmininkė savo ruožtu teigia, jog kai kurie tinklai prie vaistų platinimo prisidėti nenorėjo dėl nedidelio jų skaičiaus ir už tai negaunamo jokio atlygio. Visgi, priduria ji, tokių projektų ateityje atsiradus daugiau ir sukūrus patogią bendradarbiavimo sistemą, vaistinių įsitraukimas, ko gero, būtų didesnis.

„Tikimės, kad jeigu tai bus ilgalaikis projektas, jeigu mes tų vaistų turėsime daugiau, tai bus galimybė įtraukti ir kitas vaistines“, – sako K. Nemaniūtė-Gagė.
Viso pokalbio klausykitės LRT RADIJO laidos „Ryto garsai“ įraše.

Parengė Aistė Turčinavičiūtė",litund,non->open
scraped:rubaltic_lt:214af486f05946e5,hidden,open,"Toli nuo Volgogrado: Baltijos šalys tarptautinio ekstremizmo žemėlapyje

Teroro aktai Volgograde vėl iškėlė šiuolaikinės Rusijos tarptautinio terorizmo problemą į pirmą vietą. Tačiau kovoje su terorizmo grėsme išskyrus pirmaeilių priemonių svarbu blaiviai įvertinti dar ir išorinį kontekstą – teroristai mirtininkai juk neatsiranda iš oro, reikalinga maitinamoji terpė. Ir čia savo grašį primetė ir Baltijos šalys…

“O, sūnau! Jeigu šimtmečio kito sulauksi ir ant aukšto Kaukazo sustojęs dairysies aplink: neužmiršk, jog ir čia būta vyrų, pakėlusių tautą ir išėjusių laisvės – šventų idealų apgint”. Šie žodžiai iškalti pastatytame D. Dudajevo skvere Vilniuje paminkle Džocharui Dudajevui. Jų autorius – miręs Lietuvos poetas ir vertėjas Sigitas Geda, tipiškas savo epochos produktas: Lietuvos TSR Valstybinės premijos laureatas, pjesės “Komunarų gatvė” autorius. Jis pasižymėjo savo “virtuvine” laisvamanybe 70-aisiais, 80-aisiais metais tapo Sąjūdžio aktivistu, karštai smerkė viską sovietinį 90-aisiais. Poeto biografija baigėsi tuo, kad po dviejų savaičių girtavimo Sigitas Geda įsmeigė peilį dukrai į krūtinę, gavo trejus metus kalėjimo ir mirė.

Atrodo, lyg tai būtų atskira asmeninė istorija. Tačiau Lietuvos poeto ir jo šalies (o jeigu kalbėti plačiau – ir Baltijos šalių) biografijose yra kai ko bendro. Tas pats maištavimas, oficialiai deklaruojant lojalumą, kaip mokestis už dosnią paramą iš Sąjungos centro. Liaudies frontai ir kiti “Pertvarkos judėjimai”. Po to blaškymas iš vienos pusės į kitą, gyvenimo prasmės praradimo jausmas, vėliau užčiuopiamas kaip urvinė rusofobija su noru kaip galima stipriau, bet kokiu būdu pakenkti “šiai Rusijai”.

Ne tik Dudajevo, bet ir ekstremistų herojizacija visiškai sutapo su šia nesveika logika. Būtent šiame klausime Lietuvos poetas ir jo šalis tapo vienas kito atgarsiu: paremti ekstremistus, paskelbti juos kovotojais dėl šviesių demokratijos idealų, statyti jiems paminklus ir vadinti aikštes jų garbei, o Rusija tegul vien savo jėgomis išsipainioja iš Nord-Ostų, Kaspijskįų, Nevskio ekspresų, Beslanų, Volgogradų ir t.t.

Tai galima pasakyti ne tik apie Lietuvą. Kosmonautikos aleja Rygoje nuo 1996 m. yra vadinama Džocharo Dudajevo vardu. 1997 m. memorialinė lenta atsirado ir Tartu mieste Estijoje. 2005 m. Varšuvos merija atmetė pasiūlymą pavadinti dviejų gatvių sankryžą vaikų, žuvusių Beslane, garbei, ir suteikė jai Džocharo Dudajevo Aikštės statusą. Į Rusijos URM, pavadinusios šį sprendimą “faktišku tarptautinio terorizmo pasireiškimu”, kreipimąsi tuometinis Varšuvos meras Lechas Kačinskis atsakė: “Tai ne jų reikalas”.

Atminimo vietos Varšuvoje, Vilniuje, Rygoje, Tartu, skirtos Dudajevui, – kam jos skirtos? Teisių gynėjui, švietėjui, mecenatui? Ne. Žmogui, kurio valdymo laiku, etniniai valymai, masiniai nužudymai, rusų persekiojimai tapo norma. Žmogui, kurio valdymo laiku, veikė žiauri šariato įstatymai – 1997 m. rugsėjo mėn. (Baltijos šalyse Dudajevas jau buvo paskelbtas kovotoju “už šventus idealus”) Grozno mieste viešai buvo sušaudyti šariato teismu nuteisti vyras ir moteris, Ar tai ir yra tos pačios “europietiškos vertybės”, apie kurias taip mėgsta padiskutuoti Baltijos šalių politikai? Ar statant Dudajevui paminklus, jo garbei pavadinant gatves, jie palaiko ir jo paveldėtojus – tuos, kurie žudo ir sprogdina šiandien?

Atsakymą į šį klausimą galima rasti visai nesenoje istorijoje – Lietuvos pilietės Eglės Kusaitės byloje. 2009 m. užverbuota teroristinės organizacijos “Kavkaz emirat” (lyderis – Doku Umarovas) ji buvo sulaikyta dieną prieš teroro aktus Maskvos metropolitene. Kaip vėliau išaiškins tardytojai, jos pagrindiniu taikyniu buvo bet koks karinis objektas, kuriame Kaune gimusi Kusaitė norėjo susisprogdinti, siekiant nužudyti kuo daugiau žmonių. Ją sulaikė ir nugabeno į Lietuvą, kur po kelerius metus trukusių tardymų jai skyrė ne 10 metų, o 10 mėnėsių laisvės atėmimą. Savo argumentose jos gynyba panaudojo Lietuvos valdžios oficialios politikos pavyzdžius, kai nužudyti per Čečėnijos karą Lietuvos samdiniai buvo heroizuoti (pvz. L.Vilavičius) ir labai iškilmingai palaidoti Lietuvoje. “Jeigu vienus kovo veiksmų dėl Čečėnijos nepriklausomybės dalyvius laiko herojais, tai kodėl kitus, kurie norėtų tapti tokiais pat dalyviais, laiko teroristais?” – teismas sutiko su šiuo argumentu. Nėra ko stebėtis, pasikartosime dar kartą - reikalinga maitinamoji terpė. O tokia terpė Baltijos šalyse yra.

Pavyzdžiui, žinomas faktas – “Kavkaz-Center” svetainė yra Šiaurės Kaukazo ekstremistinių organizacijų ruporas, kuri pozicionuoja save, kaip “Kaukazo nepriklausoma tarptautinė islamo internetinė agentūra”. Šioje svetainėje publikuojami radikalių islamistų - salafitų pamokslai, kviečiantys džihadui; pasakojama apie paskutinius teroro aktus, “kuriuos surengė patys neištikimieji, kad sukompromituoti taikų islamą”. Kurį laiką “Kavkaz-Center” štabas bazavosi Estijoje – 2003 m. Estijos saugumo policijos departamentas (KaPo) svetainės serverį konfiskavo. Tada “Kavkaz-Center” persikėlė… į Lietuvą ir daugiau nei metus dirbo ten. Lietuvos valdžia išjungė ekstremizmo svetainės serverį tik 2004 m. rugsėjo mėn. – po tragedijos Beslane buvo gana sunku pateisinti “kolektyvinio agitatoriaus ir organizatoriaus” veiksmus iš Lietuvos teritorijos.

O pirmo nepripažintos Ičkėrijos prezidento sūnūs Ovluras ir Degis – dėl ko jie persikraustė gyventi būtent į Lietuvą? 2001 m. Ovluras Dudajevas kreipėsi į prezidentą V.Adamkų su prašymu suteikti jiems Lietuvos Respublikos pilietybę, ir pridėjo žymų Lietuvos piliečių, įskaitant tuometinio sveikatos apsaugos ministro, dabartinio gynybos ministro Juozo Oleko ir to pačio poeto Sigito Gedos rekomendacinius laiškus. Ir Valdas Adamkus išimties tvarka Dudajevui jaunesniam suteikė Lietuvos pilietybę “už išskirtinius nuopelnus”. Ovluro Dudajevo natūralizacija buvo įvykdyta slaptai nuo visuomenės: kai istorija iškilo į paviršių, Lietuvoje kilo skandalas – kokius išskirtinius nuopelnus šaliai turi Dudajevo sūnus ir kodėl pilietybę jis gavo “Olego Davydovo” vardu?

O Degis Dudajevas - kaip išėjo taip, kad būtent Lietuvoje jis organizavo padirbtų Europos Sąjungos pasų gaminimą stambiu mastu? Įdomu, kam?

Beje, Dudajevo giminaičiai mėgino gauti Estijos pilietybę (taip pat “už išskirtinius nuopelnus”), o Riigikogu narys Olev Raju ant oficialaus deputato blanko per Estijos ambasadą pakvietė juos apsilankyti savo šalįyje.

Valdantis Baltijos šalių elitas klysta, jei mano, kad radikalaus ekstremizmo problema niekada jų nepasieks, o Rusijos Volgogradas kažkur labai toli, ir “jeigu kas atsitiktų”, bus galima išsisukti vien tik ritualiniu protokolinių užuojautų pareškimu.

Jiems reikėtų išsamiau susipažinti su bazavusios pas juos “Kavkaz-Center” svetainės materialais – ten daug rašoma apie tai, kaip “šventojoje džihado veikloje” yra naudingi taip vadinamieji useful idiots , kurie laiko “Alaho karius” nekaltomis aukomis. Dažniausia useful idiots – tai išprotėję miesto kairuoliai, kurie su entuziazmu įsijungia į bet kokią visuomeninę kampaniją prieš valstybę: už žalią energiją, už vegetarizmą, už pašalpas nelaimingiems migrantams. Tačiau nesveika rusofobija ir noras palaikyti net ekstremistus, kad tik pakenkti Rusijai, paverčia taip pat ir kraštutinius dešiniuosius Baltijos šalių politikus tokiais useful idiots .

Ir šiuo atveju tai ne Lietuvos, Latvijos, Estijos konkrečių politinių veikėjų, vakar lobuojančių Dudajevo interesus, o šiandien siuntinėjančių Kusaitę į Maskvą, asmeninis reikalas. Tai jau daug didesnio masto problema, rodanti, kokia iškrypusi ir supuvusi pasirodė režimo, susiformavusio šiose šalyse, esmė. Tai yra bendra Baltijos šalių problema, kurių elitas, bandantis meilikauti su ekstremistais, kad tik Rusiją įpykdyti, elgiasi taip, lyg nesupranta: vieną dieną šie mirtininkai gali ateiti jau ir į jų namus, stočius, traukinius, troleibusus. Nesenas pavyzdis – broliai Carnajevai Jungtinėse Amerikos Valstijose. Kam tada skirs savo eilėraščius Lietuvos poetai?

Lietuvos ekspertai, vertinami teroro aktus Volgograde, pritarė vienas kito nuomonei, kad sprogimų organizatorių tikslas – Olimpiada Sočyje. Ta pati, į kurią prezidentė Grybauskaitė nusprendė nevažiuoti, kaip ji pareiškė, “dėl politinių sumetimų”. Ką gi, kiekvienas turi savo instrumentus: vieni gali sau leisti politinius demaršus, kiti – teraktus. Bet jų tikslas (ir tai reikia aiškiai suprasti) bendras.

Перевод: Ольга Аксёнова.

Informacija

Citavimo sąlygos

Cituodami medžiagas būtinai nurodykite aktyvią mūsų portalo hipernuorodą. Hipernuoroda turi būti matoma, aktyvi, neuždaryta paieškų sistemomis nuo indeksavimo. Autoriai atsako už spausdinamose medžiagose pateiktų faktų teisingumą. Redakcijos nuomonė gali nesutapti su autoriaus nuomone. Už reklaminių publikacijų turinį atsako reklamos kūrėjas.",rubaltic_lt,hidden->open
litund:unreliable:UN_APL_09,hidden,open,"Nyderlandų mokyklose vaikams pradėta tiekti sliekus ir vabalus, kad būtų kovojama su visuotiniu atšilimu

Siekdamos sumažinti mėsos vartojimą, Nyderlandų mokyklos priverstinai maitina vaikus miltiniais sliekais ir vabalais. Pagal WEF ""Didžiojo persitvarkymo"" darbotvarkę žmonės skatinami valgyti sintetinę mėsą, nes vabalai ""sunaudoja mažiau išteklių nei tradiciniai gyvuliai"". ""Gyvulininkystė visame pasaulyje yra atsakinga už maždaug 14,5 proc. visų šiltnamio efektą sukeliančių dujų, išmetamų dėl žmogaus veiklos. Žemės poreikis - ganant gyvulius ar auginant javus gyvuliams šerti - yra ""vienintelis didžiausias miškų kirtimo veiksnys, turintis didelių pasekmių biologinės įvairovės nykimui"", - teigiama WEF dokumente. Thegatewaypundit.com praneša: Europos Sąjunga maiste naudos miltinius sliekus, valgomus sveikus arba miltelių pavidalo. Europos Sąjunga (ES) nusprendė, kad vabalo Tenebrio molitor lervos stadija - miltinis sliekas - yra saugi žmonėms valgyti, ir netrukus ji bus pateikta rinkai kaip ""naujas maisto produktas"", - teigė WEF. Liepos mėnesį JAV visuomeninis transliuotojas prisijungė prie globalistų ir paragino amerikiečius valgyti ""skanius"" vabzdžius ir vabalus, kad padėtų kovoti su visuotiniu atšilimu. O dabar tai... Nyderlandų mokyklose vaikams patiekiami miltiniai sliekai ir vabzdžiai. Jie nori, kad jie priprastų valgyti vabalus. Šie žmonės yra pikti.",litund,hidden->open
scraped:rubaltic_lt:8e15121c37337aba,hidden,open,"Antroji koronaviruso pandemijos banga užklups Lietuvą rinkimų laikotarpiu

Seimo rinkimai Lietuvoje turi įvykti spalio 11 dieną. Vyriausioji rinkimų komisija (VRK) jau priėmė saugumo priemones balsavimo metu. Bet ar jų užteks, kad atlaikyti COVID-19 plitimą? Epidemiologinė būklė Baltijos šalyje nesigerina, o antroji koronaviruso banga, anot ekspertų, užklups Europą kaip tik rugsėjo-spalio mėnesį. Lietuvoje ji gali sukelti rinkimų datos perkėlimą ir paveikti gyventojų rinkimines pirmenybes.

Daugelyje šalių, kurios žengė karantino apribojimų silpninimo keliu, stebimas koronavirusu užsikretusių žmonių skaičiaus augimas. Visai neseniai Danijos sveikatos apsaugos ministras Magnus Heunicke, remiantis Valstybinio infekcinių ligų instituto duomenimis, teigė, kad jo šalį apėmė antroji koronaviruso banga. Beje, ar dera išvis kalbėt apie bangas?

Pasak Kento universiteto virusologijos eksperto Džeremio Rossmano, kol kas nepanašu, kad koronavirusas priklausytų nuo sezoniškumo. Ir pastarųjų mėnesių statistika tai liudija. Viltys į tai, kad saulėti vasaros orai užkirs kelią viruso plitimui, nepasiteisino.

Dėsninga reakcija – tam tikrų apribojimų grąžinimas.

Nuo rugpjūčio 10 dienos atvykusiems į Baltijos šalį iš Lenkijos, Olandijos, Islandijos, Kipro ir Turkijos vėl liepiama izoliuotis dviem savaitėms.

Turbūt, šituo Lietuvos vyriausybė neapsiribos. Eilinį COVID-19 susirgusių skaičiaus šuolį (nepriklausomai nuo to, ar tai antroji banga, ar pirmosios pratęsimas) virusologai prognozuoja jau šį rudenį, tai yra jau už 1-2 mėnesių. Europos šalių vadovybės ruošiasi tam.

„Noriu aiškiai pareikšti, kad antrosios bangos metu mes neketinome sustabdyti visos ekonomikos ar atskirų jos sektorių, - pažymi Lietuvos Ministras Pirmininkas Saulius Skvernelis. – Naujojoje realybėje mes žengsime „saugaus aktyvumo“ keliu – tai yra kaukių nešiojimas, dezinfekcija, saugaus atstumo laikymasis ir kitos priemonės, priklausančios kovos prieš COVID-19 strategijai. Pirmenybė suteikiama maksimaliam individualios apsaugos priemonių vartojimui, o ne apribojimams“.

Akivaizdu, kad Skvernelio „naujojoje realybėje“ Seimo rinkimai privalo įvykti pagal grafiką. Jų datos perkėlimas Lietuvoje net nesvarstomas, rinkimų komisija dirba įprastu grafiku.

Neseniai pasibaigė dokumentų priėmimas – prasideda kandidatų į Seimo deputatus atitinkamumo įstatymams patikra (galutiniai sąrašai bus paskelbti rugsėjo 11 dieną). Prieš tai VRK įtvirtino rekomendacijas bei nurodymus rinkimų dalyviams. Ir komisijos nariai, ir rinkimų stebėtojai, ir savanoriai, ir rinkėjai privalo naudotis individualios apsaugos priemonėmis, kiekvieną balsavimo apygardą ketinama aprūpinti kaukėmis.

Žodžiu, nieko ypatingo.

Galima, pavyzdžiui, sekti Rusijos Federacijos balsavimo dėl konstitucijos pataisų patirtimi, kai referendumas tesėsi kelias dienas. Arba žengti neseniai įvykusių prezidento rinkimų Lenkijoje keliu: gyvenvietėse, kur buvo daug užsikrėtusių, balsavimas vyko paštu. Kiti rinkėjai irgi galėjo pasinaudoti šia galimybe, iš anksto perspėdami rinkimų komisiją.

Rinkimų perkėlimo variantą atmesti, žinoma, negalima. Koronavirusas dar gali padaryti staigmenų Lietuvai ir kitoms šalims. Bet kol kas viskas įrodo, kad po spalio 11-os dienos Baltijos respublikoje susiformuos naujas Seimas.

Visų pirma, pats rinkimų įvykdymo pagal grafiką faktas pažymės tai, kad vyriausybė kontroliuoja padėtį. Valdančiajai partijai tai gali suteikti kelių rinkimų taškų. Antra, nauja sociologija yra palanki valdančiajai „Lietuvos valstiečių ir žaliųjų sąjungai“ (LVŽS).

Iki neseniai viešosios nuomonės apklausos fiksavo konservatorių, t.y. „landsbergiečių“, atstovaujamos opozicijos pirmavimą. Bet birželio mėnesį jų pranašumas prieš „valstiečius“ tapo minimalu (14,3% prieš 13,4%), o liepos mėnesį LVŽS užėmė pirmaujančią poziciją.

Vis dėlto, priešrinkiminė sociologija nėra tokia akivaizdi. Nurodytus tyrimus atliko „Vilmorus“ įmonė. Kitos įmonės – „Spinter tyrimai“ – birželį atliktų tyrimų rezultatai liudija 3,5% konservatorių pranašumą prieš „valstiečius“. Ta pati apklausa liudija, kad žmonių, pritariančių vyriausybės veiksmams, skaičius sumažėjo 6% paliginus su balandžio mėnesio rodikliu. Mes akivaizdžiai matom dvejų visuomenių grupių mažąjį sociologinį rungtyniavimą.

Net jeigu „Vilmorus“ duomenys atspindi realią jėgų išsidėstymą, mažytis „valstiečių“ pranašumas gali išnykti rinkimų dieną, nes jų oponentų šalininkai yra daug aktyvesni: 61% „Tėvynės Sąjungos – Lietuvos Krikščionių demokratų“ (TS-LKD) rinkėjų pareiškė įsitikinimą, kad spalio 11 dieną jie ateis į balsavimo apylinkes. Tarp LVŽS šalininkų tokie rinkėjai sudaro vos 42%. Taigi „valstiečiams“ teks kovoti ne tiek prieš konservatorius, kiek prieš savo rinkėjų pasyvumą.

Spalio 11 dieną Karbauskis ir kompanija sutinka būdami „geroj formoj“: pirmą išbandymą koronavirusu jie įveikė puikiai.

Bent jau geriau, nei Italijos, Ispanijos ar JAV vyriausybės. Kol kas sunku įvertinti Lietuvos ekonominio smukimo rimtumą, bet ir čia niekas nežada katastrofos. Laukiamas BVP sumažinimas 7-8% skaičiuojant metams – toli gražu ne blogiausias scenarijus.

Todėl šiomis aplinkybėmis konservatoriams nėra dėl ko priekaištauti oponentams. Tenka priešrinkiminiais tikslais išnaudoti skandalus aplink sveikatos apsaugos ministrą Aurelijų Verygą ir kovos su Astravo AE pralaimėjimą, už kurį neva yra atsakinga Lietuvos Energetikos ministerija. Jeigu rinkimai bus perkelti, „valstiečių“ kritika taps nuoseklesne.

Vos per kelius mėnesius prezidentas Andrzejus Duda iš priešrinkiminių varžybų favorito pavirto kandidatu, kuris beveik „iškando“ nugalėjimą rinkimuose iš savo oponento rankų. „Lietuvos valstiečių ir žaliųjų sąjunga tikrai nenorėtų kartoti tą patirtį.

Informacija

Citavimo sąlygos

Cituodami medžiagas būtinai nurodykite aktyvią mūsų portalo hipernuorodą. Hipernuoroda turi būti matoma, aktyvi, neuždaryta paieškų sistemomis nuo indeksavimo. Autoriai atsako už spausdinamose medžiagose pateiktų faktų teisingumą. Redakcijos nuomonė gali nesutapti su autoriaus nuomone. Už reklaminių publikacijų turinį atsako reklamos kūrėjas.",rubaltic_lt,hidden->open
litund:lrt:LT_COV_19,non,open,"Du asmenys pripažinti kaltais dėl apgaule įgytų COVID-19 vakcinavimo dokumentų 
Kauno apylinkės teismas du asmenis pripažino kaltais dėl kelių dešimčių nusikalstamų veikų, susijusių su apgaule įgytais COVID-19 vakcinavimo dokumentais, disponavimu netikrais pinigais bei narkotinėmis ir psichotropinėmis medžiagomis.

Kaip pranešė Kauno apylinkės teismas, antradienį teismo priimtu nuosprendžiu T. P. pripažintas kaltu dėl netikrų pinigų ar vertybinių popierių gaminimo, laikymo arba realizavimo, melagingos informacijos pateikimo siekiant įgyti dokumentą, dokumento suklastojimo arba disponavimo suklastotu dokumentu ir neteisėto disponavimo narkotinėmis medžiagomis be tikslo jas platinti. Subendrinus visas bausmes, jam paskirta galutinė 2 metų ir 6 mėnesių laisvės atėmimo bausmė, jos vykdymą atidedant 2 metų laikotarpiui su teismo paskirtais įpareigojimais.

I.S. teismo pripažinta kalta dėl netikrų pinigų ar vertybinių popierių gaminimo, laikymo arba realizavimo, melagingos informacijos pateikimo siekiant įgyti dokumentą ir neteisėto disponavimo narkotinėmis medžiagomis be tikslo jas platinti. Subendrinus visas bausmes, I. S. paskirta subendrinta galutinė 1 metų ir 4 mėnesių laisvės atėmimo bausmė, jos vykdymą atidedant 2 metų laikotarpiui su teismo paskirtais įpareigojimais.
Teismo pranešime spaudai nurodoma, kad išnagrinėjus bylą, buvo įrodyta, jog 2021 metų spalio mėnesį kaltinamasis T. P. iš nenustatyto asmens įgijo ir realizavo 17 netikrų 500 eurų nominalo vertės kupiūrų. Šias netikras kupiūras jam padėjo realizuoti kaltinamoji I. S. Nustatyta, jog I. S. su netikromis 500 eurų kupiūromis įvairiose parduotuvėse pirko mažos vertės prekes, o gavusi grąžą, ją atiduodavo T. P.

Išnagrinėjus bylą visiškai pasitvirtino kaltinimai ir dėl nusikalstamų veikų, susijusių su apgaule įgytais vakcinavimo dokumentais. Nustatyta, jog T. P. tretiesiems asmenimis, kuriems reikėjo vakcinaciją patvirtinančio įrašo, tačiau jie nenorėjo skiepytis, surasdavo asmenis, kurie kitų žmonių vardais, su padirbtais dokumentais vykdavo į vakcinavimo centrus ir taip apgaulės būdu įgydavo vakcinaciją patvirtinančius dokumentus.

„Nustatyta, jog I. S. pati ne mažiau kaip 7 kartus vyko į vakcinavimo centrus skiepytis ir prisistačiusi kitais vardais bei pateikusi dokumentus, apgaulės būdu įgijo vakcinaciją patvirtinančius dokumentus“, – teigiama teismo pranešime spaudai.
Abu asmenys taip pat pripažinti kaltais dėl neteisėto disponavimo narkotinėmis ar psichotropinėmis medžiagomis. 2022 metų balandžio mėnesį T. P. įgijo daugiau kaip 6 gramus kokaino, o I. S. neteisėtai įgijo ir laikė nedidelį kiekį psichotropinių medžiagų – kratos metu jos rankinėse pareigūnai rado keturis paketėlius su amfetaminu.

Teismas, skirdamas bausmes, atsižvelgė į tai, kad abu kaltinamieji pripažino savo kaltę dėl jiems inkriminuotų veikų ir išsamiai paaiškino aplinkybes. T. P. teisme teigė, jog iš kitų žmonių už vakcinavimo įrašus gaudavo 100-200 eurų atlygį, dažniausiai tai atlikti siūlydavo asocialiems žmonėms, tačiau kartais už kitus skiepytis veždavo I. S. Pati I. S. teisme nurodė, jog eidavo skiepytis už kitus žmones ir už tai gaudavo apie 50 eurų atlygį.

Kauno apylinkės teismo nuosprendis nėra įsiteisėjęs ir per 20 dienų gali būti skundžiamas apeliacine tvarka.",litund,non->open
scraped:rubaltic_lt:d93cff88b122d122,hidden,open,"Lietuvos ambasadoriui Maskvoje tiesiai buvo pasakyta tiesa apie Rusijos piliečio persekiojimą

Vasario 3 d. Lietuvos ambasadorius Rusijoje Eitvydas Bajariūnas susitiko su Rusijos Federacijos Visuomenės Rūmų (VR) atstovais. Pažymėtina, kad susitikimo organizavimo iniciatyva priklausė pačiam diplomatui. Rusijos šaliai tai buvo siurprizu. Apie tai, kodėl dialogo pradžią su Bajariūnu galima pavadinti įvykiu, pažymėtu ženklu “plius” ir kad šiame dialoge buvo kalbama apie Rusijos karinių pajėgų pensininko Jurijaus Melio persekiojimą Lietuvoje, RuBaltic.Ru analitikos portalui papasakojo Rusijos Visuomenės Rūmų atstovas Michailas Aničkinas.

- Ponas Aničkinai, RF Visuomenės Rūmų Interneto svetainėje gana smulkiai aprašytas susitikimas su Lietuvos Respublikos nepaprastuoju ir įgaliotoju ambasadoriumi RF Eitvydu Bajariūnu. Susidaro įspūdis, kad jame vyravo maloni armosfera: buvo aptariami klausimai dėl kurių Maskva ir Vilnius gali efektyviai saveikauti, organizuoti bendradarbiavimą. Ponas Bajariūnas netgi pažymėjo, kad daugelis lietuvių “gyvena Rusijoje ir jaukiai jaučiasi”. Bet vėliau Jūs pažeidėte idiliją, paliesdami ruso Jurijaus Melio baudžiamojo persekiojimo temą. Ar aš teisingau suprantu įvykių eigą?

- Pradėkime nuo to, kad susitikti pasiūlė pats Lietuvos ambasadorius, tai buvojo iniciatyva. Tiesiai pasakius, neįprasta iniciatyva. Jums gi žinoma kas vyksta tarptautinėje arenoje. Ir staiga Lietuvos ambasadorius išreiškia pageidavimą apsilankyti RF Visuomenės Rūmuose, susipažinti su mūsų civilinių institucijų veikla. Manau, kad iš jo šalies tai buvo svarbus ir neordinarus žingsnis.

Bendrai, Eitvydas Bajariūnas apibūdinamas kaip gana tvirtas mūsų šalies atžvilgiu politikas. Be to jis turi didelė praktinę patirtį, anksčiau buvo konsulu Sank-Peterburge.

Bajariūną domino kokiu būdu pas mus susidėstę civilinės visuomenės ir valdžios santykiai. Jo požiūriu tai gana įdomi tema, kurią jis nagrinėja, kad ką tai, galimai, taikyti Lietuvoje.

Rūmų sekretorė Lidija Michejeva į susitikimą pakvietė Tautinių ir tarpreliginių santykių derinimo komisijos pirmininką Vladimirą Zoriną, Demografijos, šeimos apsaugos, vaikų ir tradicinių šeimos vertybių komisijos pirmininką Sergejų Rybalčenko.

Aš taip pat buvau pakviestas, kadangi Visuomenės Rūmai nuosekliai bando ginti mūsų piliečius nuo neteisingo teismo Vilniuje. Saugumo ir sąveikos komisijoje prie Visuomenės stebėsenos komisijos buvo įsteigta ir funkcionuoja darbo grupė, kuri užsiima šiuo klausimu. Mes turime paruošę rimtas programas, nukreiptas ginti mūsų tėvynainių teises.

Rybalčenko palietė migracijos temą. Aš taip pat pasakiau keletą pastabų, pavyzdžiui, priminiau apie Europos Sąjungos kvotas, remiantis kuriomis Pabaltijys privalės priimti migrantus, kurių kiekis sudaro 10% savų gyventojų. Kyla logiškas klausimas: kokia kalba po 30 metų bus kalbama Lietuvoje, Latvijoje ir Estijoje?

Buvo laiko atsiduoti nostalgijai. Aš prisiminiau, kad jaunystėje buvau „Žalgirio“ krepšinio klubą iš Kauno sirgaliumi, prisiminiau klubo žaidėjų pavardes. O toliau prisiėjo akcentuoti dėmesį į mums skausmingus klausimus. Aš kalbu ne tik apie 1991 m. sausio 13 d. bylą.

Ambasadorius buvo painformuotas, kad RF Visuomenės rūmai šiuo metu rengia kreipimąsi Lietuvos prezidento vardu dėl Jurijaus Melio išlaisvinimo. Ponas Bajariūnas pareiškė, kad yra pasiruošęs jį perduoti tiesiogiai savo šalies vadovui.

- Kaip jis iš viso reagavo? Ar nebandė įrodyti, kad tai yra Lietuvos vidaus reikalas, į kurį Rusija neturi įsimaišyti?

- Bajariūnas mano pasisakymą įvertino su supratimu. Dar kartą pažymėsiu, kad visa priemonė buvo labai konstruktyvi. Lietuvos ambasadorius sudarė taktiško ir protingo žmogaus įspūdį. Jis įdėmiai klausėsi, bandė sušvelninti aštrius kampus.

Pavyzdžiui, Bajariūnas pažymėjo, kad Lietuvoje įstatymas draudžia nacizmo heroizavimą, mokyklose ir vaikų darželiuose nedraudžiamas dėstymas rusų kalba. Vyko ramus pasikeitimas nuomonėmis. Pati susitikimo atmosfera buvo labai geranoriška.

- Nejaugi Lietuvos ambasadorius nieko nesakė apie „rusišką invaziją“ į Ukrainą arba apie Rusijos - Baltarusijos karinių pajėgų manevrus, kurie, būk tai, sudaro grėsmę Lietuvai?

- Ne. Ukrainos jis išviso nelietė – ją gana kvalifikuotai apėjo. Be to Bajariūnas pasiskundė, kad Rusija ne labai atidžiai prižiūri kai kuriuos savo kapus Lietuvos teritorijoje.

Jei Vilnius neturi nieko prieš, tai mūsų specialistai tuo užsiims.

Iš viso, susitikimas buvo organizuotas labai operatyviai. Pradžioje mes net nesupratome, staiga dėl ko Lietuvos ambasadorius vyksta į Visuomenės rūmus? Bet prasidėjus dialogui viskas tapo aišku. Prieš save mes pamatėme žmogų, kuris yra nusiteikęs konstruktyviniam bendradarbiavimui.

- O ar kiti ambasadoriai lankosi RF Visuomenės Rūmuose?

- Paskutinį kartą buvo Etiopijos atstovas. Mes stebėjome rinkimus šioje šalyje, todėl ambasadorius paprašė susitikimo, norėjo sužinoti mūsų nuomonę apie pamatytą. Bet Lietuva... Tai ypatingas atvejis. Ponas Bajariūnas vertas pagarbos.

- Logiška manyti, kad jo vizitas į VR buvo suderintas su šalies prezidentu arba URM vadovu.

- Taip, aš nemanau kad ambasadorius galėjo žengti šia linkme be Lietuvos prezidento sutikimo. Ten tikriausiai viskas suderinta. Kovo mėnesį pas mus, į VR atvyksta Lietuvos visuomenininkai. Tai opozicinių pažiūrų žmonės, artimi Algirdui Paleckiui. Anksčiau jie pabuvojo Baltarusijoje, dabar panoro apsilankyti Rusijoje.

Gal būt, būtent tai ir paskatino Lietuvos ambasadorių, sakykime, suveikti anksčiau?

Bet kokiu atveju gavosi netikėtas ir neordinarinis įvykis, pažymėtas ženklu “plius”

- Grįžkime prie Jurijaus Melio. Ar aš teisingai suprantu, kad VR įkurta kokia tai darbo grupė dėl jo baudžiamosios bylos.

- Jei būti tiksliu, tai situacijos monitoringo ir medžiagos, susijusios su 1991 metų sausio mėnesio 13d. įvykiais Vilniuje, analizės darbo grupė. Ji intensyviai dirbo, svarstė, surinko labai daug dokumentų.

Mes tiesiai pareiškėme, kad Jurijus Melis nuteistas neteisingai.

- Pasakykime, kad tai labai nemalonus ir nepatogus įvykis dviejų šalių santykių vystymuisi. Bet mes neturime apie jį nutylėti. Sausio 13 d. bylos figurantus teisė už karinius nusikaltimus ir nusikaltimus prieš žmoniškumą. Tai rimtas iššūkis mūsų valstybei.

Žinoma, reikalinga labai aktyvi mūsų valstybės organų poziciją, kurios mes nestebime. O vėliau viskas užsimirš. Jau auga antra žmonių karta, kuri nelabai supranta, kas vyko 1991 metais. Kaip jiems suprasti?

Atsiliepia tinkamos žiniasklaidos ir valstybės propagandos nebuvimas (gera šio žodžio prasme). Aš manau, kad Jurijaus Melio bylą ir kitus nuteistuosius už 1991 m. sausio mėn. 13 d. Vilniuje įvykius jokiu būdu negalima palikti savieigai.

Informacija

Citavimo sąlygos

Cituodami medžiagas būtinai nurodykite aktyvią mūsų portalo hipernuorodą. Hipernuoroda turi būti matoma, aktyvi, neuždaryta paieškų sistemomis nuo indeksavimo. Autoriai atsako už spausdinamose medžiagose pateiktų faktų teisingumą. Redakcijos nuomonė gali nesutapti su autoriaus nuomone. Už reklaminių publikacijų turinį atsako reklamos kūrėjas.",rubaltic_lt,hidden->open
litund:lrt:LT_COV_06,non,open,"Medikai ragina skiepytis nuo COVID-19: vien praėjusią savaitę mirė 5 senjorai
Medikai pastebi, kad žmonės nuo gripo skiepijasi noriai, bet nuo COVID-19 – ne. Praėjusią savaitę nuo koronaviruso mirė 5 garbaus amžiaus žmonės. Kodėl gyventojai nesiskiepija nuo COVID-19 ir kodėl tai yra pavojinga?

Statistika rodo, kad šį sezoną nuo gripo pasiskiepijo 146 tūkst., nuo COVID-19 tik 21 tūkst.

NVSC atstovė Daiva Razmuvienė primena, kad dabar pats laikas pasiskiepyti nuo COVID-19 infekcijos.

„Palyginti su praėjusių metų sezonu, šiais metais vien per šį laikotarpį skaičiai turėtų būti didesni. Sergančiųjų tiek gripu, tiek COVID-19, tiek kitų viršutinių kvėpavimo takų ligomis skaičius padidėjo po Vėlinių. COVID-19 daugiau serga vyresnio amžiaus žmonės. Vyresnių nei 79 metų asmenų grupėje registruotos penkios mirtys. Hospitalizuotų taip pat daug, beveik šimtas asmenų per vieną savaitę. Kviečiame skiepytis nuo COVID-19, dabar pats laikas, nes sergamumo situacija tokia pati ir Europoje“, – ragina nedelsti D. Razmuvienė.
Specialistės teigimu, kadangi COVID-19 liga neturi sezoniškumo, todėl žmonės neįpratę laiku pasiskiepyti nuo infekcijos.

„Pandemijos metu buvo įvairios informacijos, taip pat gana nesėkmingos, kalbant apie skiepus ir kitas vakcinas. Žmonės įpratę skiepytis nuo gripo, nes daug metų skiepyta mokamai ir nemokamai. COVID-19 yra liga, kol kas neturinti sezoniškumo, jos infekcija registruojama ir vasaros metu. Sveikatos priežiūros įstaigoms reikėtų dažniau priminti apie būtinybę pasiskiepyti. Pacientai kartais sako, kad gydytojai neinformavo. Atėjus pasiskiepyti nuo gripo, vienu metu galima pasiskiepyti ir nuo COVID-19“, – aiškina D. Razmuvienė.

Vilniaus rajono centrinės poliklinikos šeimos gydytoja, atsakinga už vakcinaciją, Rasa Venskutonienė LRT RADIJUI sakė, kad atėjusiems skiepytis nuo gripo, rekomenduojama tuo pačiu metu pasiskiepyti COVID-19 vakcina.
„Mes skiepijame visą darbo laiką, kad žmonės galėtų pasiskiepyti tiek rytais, tiek vakarais. Visi yra priimami. Skiepijame nuo gripo, bet taip pat rekomenduojama skiepytis ir COVID-19 vakcina. Šios vakcinos trūkumo neturime. Tikrai motyvuojame žmones. Malonu išgirsti, kai pacientai medikų klausia, ar reikėtų pasiskiepyti. Tai parodo, kad jie svarsto apie skiepus“, – apie situaciją Vilniaus centrinėje poliklinikoje kalba R. Venskutonienė.

Anot šeimos gydytojos, vyresnio amžiaus žmonėms suteikiama galimybė skiepytis namuose.

„Kadangi susirgti COVID-19 didesnė rizika yra vyresnio amžiaus žmonėms, jiems suteikiama galimybė skiepytis namuose. Vilniaus rajone komandos važiuoja skiepyti ir į namus, socialinės globos įstaigas“, – informuoja šeimos gydytoja.

Joniškio poliklinikos direktorė Lina Martinaitienė neslepia, kad šiais metais žmonės COVID-19 vakcina skiepijasi vangiau.
„Dominuoja gripo vakcina. Pernai stebėjome skiepijimosi padidėjimą, šiemet procesas sulėtėjęs. Gripo vakcinos turime užtektinai. Pernai tokiu laikotarpiu jau buvome pritrūkę gripo vakcinų, šiemet dar turime. Matome vangų skiepijimąsi COVID-19 vakcina. Joniškyje taip pat yra slaugos komanda, kuri skiepija vyresnio amžiaus žmones namuose. Gal kaltas šiltas ruduo, neatėjo sergamumo pikas, todėl žmonės mažiau skiepijasi“, – svarsto L. Martinaitienė.

NVSC atstovės D. Razmuvienės teigimu, gripo ir COVID-19 sergamumo pikas būna gruodžio mėnesį. Sausio pabaigoje, vasario mėnesį būna antras sergamumo pakilimas.

Specialistės primena, kad imunitetas po vakcinos įgyjamas po 12–14 dienų, todėl dabar yra pats laikas pasiskiepyti. COVID-19 vakcina gyventojai skiepijami nemokamai, gripo vakcina pacientams kainuoja, išskyrus rizikos grupes.",litund,non->open
litund:lrt:LT_COV_18,non,open,"Prokuratūra pradėjo ikiteisminį tyrimą dėl COVID-19 vakcinų įsigijimo, utilizavimo kiekių
Generalinė prokurorė Nida Grunskienė nurodė pradėti ikiteisminį tyrimą, ar perkant itin didelį COVID-19 vakcinų kiekį ir vėliau dalį jų utilizuojant, nebuvo padaryta nusikalstama veika.

Tyrimas vyks dėl piktnaudžiavimo ir turto iššvaistymo, trečiadienį pranešė Generalinė prokuratūra.

Jis pradėtas po to, kai viešojo intereso gynimo prokurorai anksčiau atsisakė taikyti viešojo intereso gynimo priemones.

Pastarasis viešojo intereso gynimo tyrimas buvo pradėtas pernai gruodžio mėnesį, tačiau nutarime atsisakyti taikyti tolesnes priemones nurodyta, jog „nustatytas tyrimo metu aplinkybes tikslinga įvertinti galimai padarytų nusikalstamų veikų aspektu“.

Prokuratūra nustatė, kad Lietuva COVID-19 vakcinas pirko iš penkių skirtingų gamintojų. Vakcinos pirktos vykdant Europos Komisijos (EK) inicijuotas ir organizuotas centralizuoto pirkimo procedūras, valstybėms iš anksto sutikus įsigyti pagal pro rata (prorcingumo) principą EK paskirtą vakcinų kiekį.
Atitinkamai, Lietuva įsigijo daugiau kaip 11 mln. vakcinų dozių už daugiau kaip 230 mln. eurų. Iš šio kiekio apie 2,5 mln. dozių vėliau buvo utilizuotos dėl pasibaigusio jų galiojimo termino bei kitų priežasčių.

Apytiksli sunaikintų vakcinų vertė siekia 46,5 mln. eurų, teigiama prokuratūros pranešime.

Viešojo intereso gynimo priemones atsisakyta taikyti dėl to, kad vakcinos buvo įsigytos ir pristatomos pagal Europos Komisijos sudarytas sutartis su gamintojais taikant Belgijos teisę ir nenustačius kitų teisinių pagrindų inicijuoti civilinės teisenos procesą.

SAM žada bendradarbiauti

Sveikatos apsaugos ministerija (SAM) trečiadienį pažadėjo toliau bendradarbiauti su prokuratūra, pradėjusia ikiteisminį tyrimą dėl didelio kiekio COVID-19 vakcinų įsigijimo pandemijos įkarštyje ir dalies jų utilizavimo nepanaudojus.

Taip ji reagavo į generalinės prokurorės Nidos Grunskienės sprendimą pradėti baudžiamąjį procesą, anksčiau viešojo intereso gynimo prokurorams atsisakius taikyti viešojo intereso gynimo priemones.

„Sveikatos apsaugos ministerija geranoriškai bendradarbiavo su Generaline prokuratūra dėl vakcinų įsigijimo, atsakant į kylančius klausimus ir pateikiant visus reikalingus duomenis bei dokumentus. (...) Ir toliau planuojame tęsti bendradarbiavimą su prokuratūra, suteikiant visapusišką informaciją dėl vakcinų pirkimo“, – BNS sakė sveikatos apsaugos ministro atstovas Tomas Bagdonas.",litund,non->open
litund:lrt:LT_COV_14,non,open,"Šalyje ir toliau kyla sergamumas COVID-19, daugiausia serga 65 metų ir vyresni gyventojai
Nacionalinis visuomenės sveikatos centras (NVSC) informuoja, kad nuo liepos mėnesio kas savaitę užfiksuojama vis daugiau COVID-19 ligos (koronaviruso infekcija) atvejų, lyginant su tuo pačiu laikotarpiu pernai. Tačiau NVSC specialistai primena, kad COVID-19 ligai, gripui ir kitoms ūminėmis viršutinių kvėpavimo takų infekcijoms (ŪVKTI) būdingas tas pats plitimo kelias, o sergamumo pakilimas fiksuojamas rudens-žiemos mėnesiais, rašoma NVSC pranešime žiniasklaidai.

Susirgimai fiksuojami visus metus

Atsižvelgiant į epidemiologinę COVID-19 ligos (koronaviruso infekcijos) situaciją, nuo 2022 m. Lietuvoje, kaip ir kitose Europos šalyse, COVID-19 liga buvo integruota į gripo ir kitų ūminių viršutinių kvėpavimo takų infekcijų (ŪVKTI) epidemiologinę priežiūrą. NVSC visus metus stebi bendrą sergamumo gripu, COVID-19 liga ir kitomis ŪVKTI dinamiką.

Nuo liepos mėnesio COVID-19 ligos atvejų skaičius didėjo, tik pastarąją savaitę (rugpjūčio 12–18 d.) šiek tiek sumažėjo (28-ąją savaitę – 267 atvejai, 29-ąją savaitę – 347 atvejai, 30-ąją – 648, 31-ąją – 807, 32-ąją – 1407, 33-ąją –1377).
„Europos ligų ir prevencijos centro (ECDC) 32 savaitės duomenimis COVID-19 viruso aktyvumo didėjimas prasidėjo maždaug 6 savaitėmis anksčiau nei 2023 m. vasarą, tačiau tendencijos yra panašios. Šiuo metu sveikatos priežiūros įstaigose COVID-19 teigiamų atvejų skaičius yra didžiausias tarp 65 metų ir vyresnių asmenų, o tai rodo, kad pažeidžiamoms gyventojų grupėms vis dar gresia rizika susirgti sunkia liga. Lietuvoje taip pat stebimas COVID-19 ligos atvejų didėjimas, kuris registruotas 4 savaitėmis ankščiau nei 2023 m. Taigi Lietuvoje stebima panaši situacija kaip ir Europoje“, – atkreipia dėmesį NVSC Užkrečiamųjų ligų valdymo skyriaus patarėja Greta Gargasienė.

Kokia COVID-19 ligos atmaina vyrauja?

Šiuo metu cirkuliuojantis SARS-CoV-2 viruso Omicron variantas BA.2.86 ir jo subvariantai (žiniasklaidoje dažnai vadinami FLiRT variantais ir apimantys linijas KP.2 ir KP.3) ir toliau dominuoja. Nėra duomenų, kad jie būtų pavojingesni, susiję su didesniu infekcijos sunkumu ar reikšmingai sumažintų vakcinos veiksmingumą.
Būtina laikytis higienos, ypač keliaujant

Primenama, kad susibūrimuose, pavyzdžiui, oro uostuose, uždaruose koncertuose svarbu nepamiršti užkrečiamųjų ligų prevencijos priemonių.

„Labai svarbu kuo dažniau plauti rankas, jei nėra galimybės nusiplauti muilu ir vandeniu – reikėtų jas dezinfekuoti. Taip pat svarbu laikytis kosėjimo ir čiaudėjimo etiketo, neliesti paviršių, kurie gali būti užteršti virusais, nešvariomis rankomis neliesti akių, nosies ar burnos. Pajutus į peršalimą panašius simptomus (gerklės ar galvos skausmą, nosies užgulimą ar slogą ir kt.), likti namuose arba dirbti iš namų, nekeliauti, nesilankyti žmonių susibūrimo vietose, vengti kontakto su kitais asmenimis (negalint išvengti kontakto – dėvėti medicininę kaukę ar respiratorių), kreiptis į savo šeimos gydytoją ir laikytis jo rekomendacijų“, – prevencines priemones vardija patarėja.",litund,non->open
litund:lrt:LT_COV_16,non,open,"Pripažinta, kad COVID-19 gali veikti organizmą net kelerius metus
Kadaise COVID-19 sukeldavo maždaug dvi savaites trukantį kosulį ir uoslės praradimą. Tada sužinojome, kad egzistuoja ilgasis COVID – neaiškus daugiau kaip 200 simptomų turintis rinkinys, galintis varginti net praėjus keliems mėnesiams ar metams po to, kai pirminė liga atsitraukė, rašo „Science Translational Medicine“.

Šiandien, praėjus ketveriems metams po pandemijos, vis dar nesame visiškai tikri, kas lemia ilgąjį COVID, tačiau naujas tyrimas, per kurį 900 dienų buvo stebimi 24 COVID-19 sirgę pacientai, atskleidė anksčiau nedaug dėmesio sulaukusį galimą veiksnį – T ląsteles.

Tai ne pirmas tyrimas, kuriame COVID-19 siejamas su šiomis konkrečiomis imuninėmis ląstelėmis. Pavyzdžiui, praėjusį mėnesį Londono imperatoriškojo koledžo atliktame tyrime užsiminta, kad kovojant su šia liga gali būti taikoma tikslinė T ląstelių terapija. Visgi šis tyrimas yra vienas ilgiausių – jis pradėtas 2020 m., gerokai anksčiau, nei buvo pripažinta, kad COVID-19 gali ilgesnį laiką užsilaikyti organizme.
Tačiau tai ne vienintelis jo išskirtinis bruožas. Tyrimą atlikusius mokslininkus įkvėpė jų patirtis tiriant ŽIV – virusą, kuris geba naikinti T ląsteles. Negalėdami stebėti antikūnų tokioje ankstyvoje pandemijos stadijoje, tyrėjai naudojo pozitronų emisijos tomografiją, kuri padėjo ištirti T ląstelių elgesį organizme po užsikrėtimo.

„Tai naujas metodas <...>, leidžiantis sudaryti aktyvuotų organizmo T ląstelių žemėlapį“, – aiškino tyrime nedalyvavęs Londono imperatoriškojo koledžo imunologijos profesorius, knygos „Ilgojo COVID vadovas“ (angl. „Penguin Handbook of Long Covid“) bendraautoris ir Nacionalinio sveikatos tyrimų instituto (angl. National Institute of Health Research, NIHR) WILCO ilgojo COVID tyrimo pagrindinis tyrėjas Danny Altmannas.
„Buvo nustatyti ilgalaikės T ląstelių aktyvacijos modeliai, galintys padėti paaiškinti ilgojo COVID simptomų modelius, – sakė jis. – Pavyzdžiui, žmonėms, kuriems pasireiškė kvėpavimo takų simptomai, aktyvuotos T ląstelės ilgą laiką buvo nukreiptos į plaučius.“

Kitos skenogramos parodė, kad suaktyvėjusios T ląstelės telkiasi prie žarnyno sienelės, todėl mokslininkai ėmėsi tirti žarnyną. Ir vėl buvo rasta COVID-19 RNR – „ilgalaikis viruso rezervuaras“, paaiškino D. Altmannas.
Šis rezultatas dar labiau išryškėjo lyginant su šešiais kontroliniais mėginiais – darytais dar prieš pandemiją, „prieš tai, kai kas nors planetoje galėjo būti užsikrėtęs šiuo virusu“, – sakė Kalifornijos universiteto San Fransiske medicinos docentas ir pagrindinis straipsnio autorius Michaelas Peluso. Nors šiose skenogramose T ląstelės buvo suaktyvintos, jos buvo susikoncentravusios ten, kur galima tikėtis, – kepenyse, inkstuose ir kitose vietose, kurios, kaip žinoma, padeda pašalinti uždegimą. Ilgojo COVID pacientų atveju jų buvo visur.

„Tai išties stulbina, – sakė M. Peluso. – Dieve mano, tai vyksta žmogaus nugaros smegenyse, virškinimo trakte, širdies sienelėje ar plaučiuose.“
Nors tyrimas nėra vienareikšmis – nėra aišku, į ką iš tikrųjų reaguoja T ląstelės, – ir tyrėjai nėra tikri, ar rezultatai rodo senų infekcijų liekanas, ar aktyvias viruso daleles, – tai kelia susidomėjimą. „Buvo gauta nemažai duomenų, patvirtinančių nuomonę, kad pagrindinis ilgąjį COVID lemiantis veiksnys gali būti tai, kad kai kurių žmonių organizmas tinkamai neišsivalo viruso ir audiniuose lieka SARS-CoV-2 rezervuarų“, – pažymėjo D. Altmanas. Tačiau, anot jo, tai sunku įrodyti.

Todėl šį tyrimą „reikėtų vertinti kaip svarbų žingsnį siekiant geriau suprasti ligos procesą, – sakė jis, – ir taip priartėti prie gydymo būdų, kurie galėtų suteikti vilties dešimtims milijonų pacientų.“

„Šiuo metu, kai labai reikia naujų klinikinių tyrimų, tokie tyrimai kaip šis, padeda parodyti kryptį“, – pridūrė profesorius.",litund,non->open
litund:lrt:LT_COV_03,non,open,"Gytis Dudas: iš faktinės pusės JAV ataskaita dėl laboratorinės SARS-CoV-2 kilmės – bevertė
Prieš penkerius metus COVID-19 pandemija jau buvo įsibėgėjusi, bet mes to dar nežinojome. Daugelis mokslininkų įsitikinę, kad ji prasidėjo nuo užsikrėtusių gyvūnų Uhano turguje, Kinijoje. Tačiau vis dar kyla diskusijų. Neseniai žibalo į ugnį įpylė speciali JAV kongreso komisijos ataskaita, kurioje apibendrinus dvejus metus trukusį darbą, teigiama, kad SARS-CoV-2 galėjo pasprukti iš laboratorijos. Tačiau tokią informaciją skuba neigti mokslininkai.

Pasak Vilniaus universiteto virusologo Gyčio Dudo, šis tyrimas neturi nieko bendro su tiesos paieškomis, o viskas susiję su respublikonais, kuriems sunkiai sekėsi valdyti pandemiją, todėl dabar jie ieško kaltų.

„Tuo metu buvo labai stipriai politizuojamas mokslas. Mokslinės bendruomenės nariai, kurie išsakė kažkokią kritiką, buvo kritikuojami. Ilgainiui apsijungė du dalykai – savotiškas sąskaitų suvedinėjimas su mokslininkais JAV. Taip pat buvo siekiama rasti atpirkimo ožius – visą kaltę, kiek įmanoma, suversti Kinijai“, – tikina G. Dudas.
Virusologo teigimu, nors ataskaitą ir sudarė 520 puslapių, joje nebuvo pateikta naujų duomenų, o viso tyrimo metu mokslininkai turėjo dalyvauti įvairiuose Kongreso klausymuose.

„Taip yra švaistomas [mokslininkų] laikas. Mano žiniomis, buvo perimtos visos jų komunikacijos, susijusios su vienu konkrečiu straipsniu, kuris buvo pamatas natūralios kilmės argumentui. Galų gale, turime ataskaitą, kuri moksliniais teiginiais ženkliai prasilenkia su tikrove. Tai dar vienas pavyzdys, kai matome tęsiamą mokslo politizavimą, kuomet mokslo klausimai apie tikrovę yra vertinami pagal tai, iš kurios politinės stovyklos esi atėjęs“, – tikina pašnekovas.
Nepakanka duomenų

Visuomenė yra pasiskirsčiusi į dvi stovyklas – vieni mano, kad pandemija prasidėjo Uhano turguje, tačiau kiti – kad virusas paspruko iš laboratorijos. Anot G. Dudo, šiuo metu turima daugiau įrodymų apie natūralią viruso kilmę.

„Kalbant apie laboratorinės kilmės hipotezę, kiekvienas, kuris bandė naudoti šį argumentą, iki šiol pasikliauja tuo pačiu pastebėjimu, kad Uhano mieste, kuriame manoma, kad kilo pandemija, yra virusologijos institutas, kuris tyrinėjo koronavirusus. (...) Tačiau kažkokių papildomų duomenų ar informacijos, kurie suteiktų daugiau svorio šiai hipotezei, nebuvo“, – sako jis.
Virusologo teigimu, nuo pandemijos pradžios buvo patvirtinta, kad Uhano turguje buvo parduodami gyvi gyvūnai, kurių tarpe ir SARS-CoV-2 virusui imlūs usūriniai šunys.

„Taip pat žinojome, kad Uhano virusologijos instituto darbuotojai dar kelerius metus iki pandemijos dalinosi viešai sekoskaitos (DNR sekos – LRT) duomenimis apie koronavirusus, kuriuos tyrinėja. Tarp jų nebuvo nei vieno artimo SARS-CoV-2 giminaičio. (...)

Žinoma, bendrai kažkokių konkrečių įrodymų apie vieną ar kitą hipotezę neturim, bet visos aplinkybės, kurių reikėjo tam, kad kiltų pandemija, buvo Uhano mieste. O iš tos laboratorinės pusės mes iki šiol girdime tik tą patį pirminį argumentą“, – tikina pašnekovas.
Persekiojami mokslininkai

Nors minėta ataskaita apie SARS-CoV-2 kilmę buvo paskelbta JAV, tačiau Pasaulinė sveikatos organizacija (PSO) nesureagavo. G. Dudo nuomone, taip įvyko, mat ši ataskaita – JAV vidinis dokumentas. Ataskaitoje naujų duomenų nėra, o pateikti argumentai mokslinėje bendruomenėje nebūtų pakankamai validūs, sako virusologas.
Specialistas įsitikinęs, kad daug svarbiau reaguoti į tai, kad rengiant ataskaitą buvo persekiojami mokslininkai.

„Mes turime situaciją, kai esame privesti iki susiskaldymo lygio, kai staiga mokslininkų atrastos išvados (...) tampa politinio lygmens žaidimu ir pagal tai vertinami vieni ar kiti mokslininkai. Manau, kad tai neįtikėtinai pavojinga situacija, – sako virusologas. –

Sprendimų priėmėjai turi spręsti pačias įvairiausias problemas. Jeigu dėl vienų ar kitų politinių savo įsitikinimų nusprendžia, kad problema neegzistuoja arba kad ją reikia spręsti metodais, kurie neveikia, tada matau scenarijų, kur mes visi pralošiam.“",litund,non->open
litund:lrt:LT_COV_10,non,open,"Ragina vienu metu pasiskiepyti nuo gripo ir COVID-19
Prasidėjęs ruduo atneša įvairias ligas, iš kurių pačios pavojingiausios – gripas ir COVID-19. Pasak gydytojų, ypač suskubti pasiskiepyti nuo šių ligų turėtų priklausantys rizikos grupėms gyventojai. Jiems siūloma abiem skiepais vakcinuotis to paties vizito metu, rašoma sveikatos priežiūros tinklo „Antėja“ pranešime žiniasklaidai.

Skiepai nuo gripo ir COVID-19 – per vieną vizitą

Šeimos gydytoja Raminta Bernotė pasakoja, kad Pasaulio sveikatos organizacija (PSO), Europos ligų prevencijos ir kontrolės centras (ECDC) bei kitos sveikatos apsaugos organizacijos dabar rekomenduoja vakcinaciją nuo gripo ir COVID-19 atlikti vienu metu.

Ypač pasiskiepyti svarbu tiems, kurie priklauso rizikos grupėms – vyresniems nei 65 metų amžiaus žmonėms, sergantiems lėtinėmis ligomis asmenims, nėščiosioms bei sveikatos priežiūros specialistams.

„Nuo 2021 metų buvo atlikta daug klinikinių tyrimų siekiant išsiaiškinti, ar galima saugiai derinti gripo ir COVID-19 vakcinas. Tyrimai parodė, kad bendras imuninio atsako veiksmingumas ir saugumas nėra sumažinami, kai abi vakcinos yra suleidžiamos tą pačią dieną – tai reiškia, kad imuninė sistema sėkmingai gamina apsauginius antikūnus prieš abu virusus.
Vienas Didžiojoje Britanijoje atliktas klinikinis tyrimas patvirtino, kad vienalaikis COVID-19 ir gripo skiepijimas sukelia panašų imunogeninį atsaką kaip ir skiepijant atskirai, o šalutiniai poveikiai, tokie kaip rankos skausmas ar lengvas karščiavimas, išlieka toleruojami ir trumpalaikiai.

Kitas 2021 metais Jungtinėje Karalystėje atliktas tyrimas, kuriame dalyvavo daugiau nei 600 savanorių, parodė, kad abiejų vakcinų suleidimas per vieną vizitą nesukelia rimtesnių šalutinių poveikių nei atskirų vakcinų gavimas. Šalutiniai poveikiai, tokie kaip nuovargis, galvos skausmas ar injekcijos vietos skausmas, buvo lengvi arba vidutiniai ir truko tik keletą dienų“, – patikina gydytoja.

Be to, kai pacientai vienu metu skiepijami abejomis vakcinomis, tai taip pat pagerina vakcinacijos apimtis ir užtikrina geresnę gyventojų apsaugą gripo sezono metu, kai gali padidėti tiek gripo, tiek COVID-19 atvejų skaičius, sako R. Bernotė.

Visgi, nors vakcinų derinimas yra saugus daugeliui žmonių, prieš vakcinaciją būtina pasitarti su savo šeimos gydytoju. Taip pat svarbu aptarti tolesnius veiksmus su specialistu, jei asmuo ankščiau patyrė rimtą alerginę reakciją į bet kurį iš šių vakcinų komponentų.
Skiepijami ir kūdikiai

Gripo ir COVID-19 vakcinomis paprastai gali būti skiepijami vaikai nuo 6 mėnesių amžiaus. Visgi prieš tai svarbu pasitarti su gydytoju, mat vakcinų dozės ir skiepijimo grafikai gali skirtis priklausomai nuo amžiaus ir sveikatos būklės, pasakoja gydytoja.

„O pasiskiepyti būtina, nes gripo ir COVID-19 komplikacijos gali būti itin rimtos, ypač vyresnio amžiaus, sergantiems lėtinėmis ligomis ar turintiems nusilpusią imuninę sistemą žmonėms.

Abi infekcijos gali sukelti sunkų plaučių uždegimą, kvėpavimo nepakankamumą, širdies veiklos sutrikimus ir net daugiasistemį organų nepakankamumą. COVID-19 taip pat siejama su ilgalaikiais sveikatos sutrikimais, tokiais kaip „ilgojo COVID“ sindromas“, – įspėja R. Bernotė.
Remiantis PSO duomenimis, gripu kasmet suserga nuo 5 proc. iki 15 proc. pasaulio gyventojų, o tai sudaro nuo 290 mln. iki 1 mlrd. žmonių. Iš jų, pastebi gydytoja, 3–5 milijonai atvejų yra sunkūs.

„Kasmet nuo gripo pasaulyje miršta nuo 290 tūkst. iki 650 tūkst. žmonių, daugiausia vyresnio amžiaus asmenų, kūdikių ir žmonių su gretutinėmis ligomis. Mirštamumas nuo gripo paprastai svyruoja apie 0,1 proc., priklausomai nuo sezono ir viruso atmainos.

O COVID-19 pandemijos metu, ypač 2020–2021 m., sergamumo rodikliai buvo labai dideli. PSO teigia, kad nuo pandemijos pradžios 2019 m. pabaigoje iki 2023 m. pabaigos buvo užfiksuota daugiau nei 770 mln. atvejų visame pasaulyje. Kasmetinė sergamumo dinamika labai priklauso nuo viruso atmainų ir vakcinacijos lygio“, – kalba R. Bernotė.
COVID-19 mirštamumo rodiklis svyruoja nuo 1 proc. iki 3 proc., tačiau tai priklauso nuo amžiaus, sveikatos būklės ir prieigos prie sveikatos priežiūros. Vyresnio amžiaus žmonės ir tie, kurie serga lėtinėmis ligomis, turi žymiai didesnę riziką mirti nuo COVID-19.

„Svarbu pažymėti, kad vakcinacija ženkliai sumažina tiek gripo, tiek COVID-19 sunkių komplikacijų ir mirčių riziką, todėl skiepai yra svarbiausia prevencinė priemonė siekiant apsaugoti visuomenę nuo šių ligų“, – sako gydytoja.",litund,non->open
litund:lrt:LT_COV_24,non,open,"Europa ruošiasi kvėpavimo takų ligų „tridemijai“
Europoje daugėja gripo, COVID-19 ir RSV atvejų. Italijoje ir Ispanijoje paskelbta aukšto lygio parengtis, vėl naudojamos veido kaukės, rašo „Deutsche Welle“.

Europos šalyse, ypač Ispanijoje ir Italijoje, padaugėjo kvėpavimo takų ligomis sergančių žmonių.

Daugelis vietos naujienų agentūrų pranešė apie lovų trūkumą ligoninėse ir perpildytas sveikatos priežiūros įstaigas.

Didžiausią susirūpinimą šiuo metu kelia gripo infekcijos visame žemyne. Apkrovas sveikatos priežiūros sistemai dar labiau didina augantis koronaviruso ir kvėpavimo takų sincitinio viruso (RSV) atvejų skaičius.
Galima tridemija Europoje ir kiaulių gripas

Kitose žemyno dalyse, įskaitant Vokietiją ir Jungtinę Karalystę, pastarosiomis savaitėmis stebimas trijų ligų – COVID-19, RSV ir gripo – atvejų pagausėjimas.

Daugelis Vidurio ir Rytų Europos šalių taip pat pranešė apie paskutinėmis 2023 m. savaitėmis padidėjusį susirgimų kvėpavimo takų ligomis skaičių.

„Gruodžio mėnesį PSO buvo pranešta apie beveik 10 tūkst. mirčių nuo COVID-19, daugiausia Europoje ir JAV, taip pat 42 proc. padaugėjo hospitalizacijų ir 62 proc. padaugėjo hospitalizacijų intensyviosios terapijos skyriuose, palyginti su lapkričio mėnesiu“, – sakė Pasaulio sveikatos organizacijos (PSO) generalinis direktorius Tedrosas Adhanomas Ghebreyesusas

Europos ligų prevencijos ir kontrolės centro (ECDC) teigimu, daugumoje Europos šalių vis dar auga į gripą panašių kvėpavimo takų ligų paplitimas visuomenėje. „Po palyginti nedidelio kvėpavimo takų ligų aktyvumo vasaros laikotarpiu, nuo rugsėjo mėnesio konsultacijų skaičius pirminės sveikatos priežiūros įstaigose ženkliai išaugo“, – teigiama gruodžio mėnesio pranešime spaudai.

Sunkių ūminių kvėpavimo takų infekcijų (SARI) atvejų, dėl kurių kreipiamasi į antrinės sveikatos priežiūros įstaigas, skaičius buvo panašaus lygio kaip pernai tuo pačiu metu, o dabar kai kuriose šalyse jie pastebimai didėja.
Gripo protrūkis gruodžio pabaigoje

Tarp tirtųjų gripu sergančių žmonių procentas padidėjo nuo 19 proc. gruodžio viduryje iki beveik 25 proc. metų pabaigoje.

Dešimt Europos šalių, įskaitant Italiją ir Ispaniją, pranešė, kad sezoninio gripo aktyvumas viršijo 10 proc. teigiamų tyrimų rodiklį pirminės sveikatos priežiūros centruose.

Tačiau ECDC teigimu, šiems duomenims įtakos galėjo turėti metų pabaigos šventės, todėl jie neatskleidžia tikrosios padėties – švenčių metu mažiau žmonių tikrinasi.

Smarkiai išaugusį ligų plitimą taip pat galima paaiškinti masiniais susibūrimais per Kalėdas ir kitus Ispanijoje įprastus šventinius renginius. ECDC pranešė, kad aptikta A ir B tipų gripo atvejų.

Perspėjimas dėl kiaulių gripo Italijoje

Sausio pradžioje Italijos šiaurės rytuose esančiame Vičencos mieste užregistruoti du su gripu susiję mirties atvejai. Gydytojai įtaria, kad mirtis sukėlė kiaulių gripo, dar vadinamo H1N1, protrūkis.
Dar trys pacientai dėl ligos sukeltų komplikacijų, pavyzdžiui, intersticinės pneumonijos, paguldyti į intensyviosios terapijos skyrių. Vičencos vietinės sveikatos priežiūros institucijos kreipėsi į visuomenę su prašymu pasiskiepyti nuo kiaulių gripo.

Kiaulių gripas yra dar vienas Italijos visuomenės sveikatos sistemai tenkantis stresas. Šalies nacionalinis sveikatos institutas apskaičiavo, kad per paskutines dvi 2023 m. savaites COVID-19, RSV ar gripu užsikrėtė apie 2 mln. žmonių.

Sausio mėnesį prie Romos ligoninių rikiavosi greitosios pagalbos automobiliai. Milano ir Turino sveikatos priežiūros centrai buvo perpildyti, pacientai laukė lovų.

Ispanija grąžina privalomą veido kaukių dėvėjimą sveikatos priežiūros centruose

Ispanijos sveikatos apsaugos ministrė Monica Garcia įpareigojo visus besigydančius ar besilankančius šalies sveikatos priežiūros centruose dėvėti veido kaukes.

„[Turime] apsaugoti pažeidžiamiausius žmones, – žurnalistams sakė M. Garcia. – To reikalauja sveikas protas.“
Kai kurios Ispanijos ligoninės sunkiai beatlaiko naujų pacientų antplūdį.

Vyriausybės teigimu, apribojimai gali būti panaikinti, jei dvi savaites infekcijos lygis nuolat mažės. Tačiau verta paminėti, kad Ispanija buvo viena iš paskutiniųjų šalių, COVID-19 pandemijos metu atšaukusių įpareigojimą dėvėti veido kaukes.",litund,non->open
scraped:rubaltic_lt:b2dfc26c15f6d792,hidden,open,"Vokiečių feldmaršalas apsidengė dėmėmis, o prancūzų generolas šokių metu nukrito: kaip buvo pasirašytas Vokietijos kapituliacijos Aktas

Iš maršalo Georgijaus Žukovo prisiminimų:

„Vokiečiams buvo pasiūlyta atsisėsti už atskiro stalo, kuris buvo specialiai jiems skirtas ir pastatys netoli įėjimo.

Atsistojęs, aš pasakiau: „Siūlau vokiečių delegacijai prieiti čia, prie stalo. Čia jus pasirašysite besąlygiškos Vokietijos kapituliacijos Aktą“.

Keitelis greitai atsikėlė, pažiūrėjęs į mus priešiškai, o paskui nenėrė akis ir, lietai paėmęs nuo staliuko maršalo lazdą, netvirtais žingsniais pajudėjo link mūsų stalo. Jo monoklis krito ir pakabo ant užraiščio. Veidas apsidengė raudonomis dėmėmis... Grąžinęs monoklį į vietą, Keitelis atsisėdo ant kėdės pakraštį ir šiek tiek drebančia ranka pasirašė penkis Akto egzempliorius. Tuoj pat juos pasirašė ir Stumpffas su von Friedeburgu.

Po Akto pasirašymo Keitelis atsikėlė nuo stalo, užsimovė dešinę pirštinę ir iš naujo pamėgino padaryti įspūdį kariška laikysena, bet tai jam nepavyko, ir jis tyliai žengė prie savo stalo.

Iš Nikolajaus Antipenko, 1-ojo Baltarusijos fronto užnugario vadovo, parengusio šventinę vakarienę Vokietijos kapituliacijos Akto pasirašymo minėjimui, prisiminimų:

„Pasak fronto vadovybės nurodymus, vakarienę turėjo būti sudaryta iš tarybų nacionalinių patiekalų. Vadovaujantis šitais nurodymais, vyriausiasis virėjas V. Pavlovas pasiūlė rusų kopūstienę, ukrainiečių kalakutą, Uralo pyragą, gruzinų šašlyką, skirtingus žuvies patiekalus ir pan.

Žinoma, mums buvo nelengva viskuo tuo aprūpinti vakarienę. Bet juk ir įvykis neįprastas: pergale pasibaigė keturių metų kova ir šia proga ir susirinko šalių-nugalėtojų atstovai.

Mes stengėmės gerai priimti svečius, ir, kaip aš dabar įžiūriu, puota išėjo puiki. Tiesą sakant, neapsiėjo be nenumatytų sunkumų. Pietūs buvo paruoštas gegužės 8 dienos 15 valandai, bet tuo metu Akto pasirašymo ceremonija net neprasidėjo: dar tesėsi derybos tarp Maskvos, Vašingtono ir Londono dėl pasirašymo procedūros.

Tik vielai naktį atėjo ilgai laukta akimirka. Kapituliacija buvo paskelbta 1945 metų gegužės 9 dieną apie 0 val.45 min. Maskvos laiku. Antrą valandą nakties visi ceremonijos dalyviai buvo pakviesti vakarienei.

Puotą trumpu tostu Pergalei, tarybų kariuomenei, sąjunginių valstybių kariuomenėms ir visų dalyvaujančių puotoje sveikatai pradėjo maršalas Žukovas. Paskui savo tostus paskelbė kiti šio vėlyvo pietaus dalyviai. Jis pasibaigė dainomis ir, žinoma, narsu rusišku šokiu. Šoko maršalas Žukovas.

Išsiskyrėm mes tą akimirką kaip tikri kovos draugai. Ir atrodė, jog ta draugystė sutvirtinta kovos su neapkenčiamu priešu krauju, truks amžinai ir niekas nesutrikdys gerų santykių tarp rusų, anglų, amerikiečių, prancūzų. Deja...“.

Informacija

Citavimo sąlygos

Cituodami medžiagas būtinai nurodykite aktyvią mūsų portalo hipernuorodą. Hipernuoroda turi būti matoma, aktyvi, neuždaryta paieškų sistemomis nuo indeksavimo. Autoriai atsako už spausdinamose medžiagose pateiktų faktų teisingumą. Redakcijos nuomonė gali nesutapti su autoriaus nuomone. Už reklaminių publikacijų turinį atsako reklamos kūrėjas.",rubaltic_lt,hidden->open
